ISBN,Title,Genre,Year,Stock,Price,Author
818255959-6,Babylon 5: The Legend of the Rangers: To Live and Die in Starlight,Sci-Fi,2000,26,14.68,Doralyn Ortelt
500797255-X,"County Teacher, The (Venkovský ucitel)",Drama,1994,55,18.43,Velvet Owbridge
324700299-5,A Grain of Truth,Thriller,2008,20,5.78,Bordie Hatzar
072077642-2,Untamed Heart,Drama|Romance,1989,50,6.59,Ede Bisterfeld
762823941-2,According to Spencer,Comedy|Drama|Romance,2005,90,1.2,Leoline Falck
852141189-8,American Idiots,Comedy|Romance,1957,36,16.1,Herb Whitwell
502981575-9,"Botany of Desire, The",Documentary,2000,45,7.21,Dean Sorton
368095286-4,Out of the Clear Blue Sky,Documentary,1984,33,8.83,Heidi Habard
585733662-7,Judgment at Nuremberg,Drama,2011,99,25.18,Floris Mountain
989941331-3,Here Comes the Boom,Action|Comedy,2000,96,1.02,Vanessa Estcourt
505306751-1,From Here to Eternity,Drama|Romance|War,2008,28,4.47,Hollyanne Storry
036835793-7,"John Huston: The Man, the Movies, the Maverick",Documentary,2004,45,24.3,Jonas Jeram
923273533-4,Boogeyman,Drama|Horror|Mystery|Thriller,2005,76,29.89,Flossi Cargen
683150081-1,The Car,Horror|Mystery|Thriller,2005,50,20.85,Caye Peckham
019787508-4,Beethoven's Big Break,Children|Comedy,2010,75,13.45,Dalis MacGinlay
051619777-0,Get Real,Drama|Romance,1988,61,22.4,Edeline Curthoys
184084184-2,French Fried Vacation 3 (Les bronzés 3: amis pour la vie),Comedy,2004,37,14.59,Ruperto Abbie
215538188-3,InAPPropriate Comedy,Comedy,1999,59,21.79,Ahmed Couthard
584085444-1,Graduation Day,Horror,2007,75,17.41,Fidelio Perham
202066985-4,"Farmer's Wife, The",Comedy,1985,89,28.97,Jennee Pirouet
484435810-3,Love Field,Drama,1996,57,9.26,Darnall Doldon
607573056-7,True Heart,Adventure|Children|Drama,2008,57,24.41,Marybeth Riceards
962781291-9,Bend of the River,Western,2010,14,17.07,Billie Ralfe
217041599-8,Stage Fright,Mystery|Romance|Thriller,1995,68,9.85,Correna Bazylets
323497177-3,"Ring Two, The",Drama|Horror|Mystery|Thriller,1996,93,1.43,Guillemette Meekin
917458518-5,From the Terrace,Drama,2012,84,22.32,Isacco Foister
782449125-0,"Have Dreams, Will Travel",Drama|Romance,2003,27,27.28,Pietra Paver
584210201-3,Hannah Takes the Stairs,Drama,1989,13,1.35,Archambault Wenban
042426698-9,Ice Age Columbus: Who Were the First Americans?,Documentary,2002,14,28.03,Tabbitha Ketteridge
717621021-7,SUBWAYStories: Tales from the Underground,Drama,2009,63,21.53,Hammad Mignot
247574003-5,Ice Quake ,Action|Sci-Fi|Thriller,2005,56,26.48,Florie Minillo
822178987-9,Prelude to a Kiss,Comedy|Drama|Romance,2007,46,3.3,Dewain Glanville
662138360-6,Scarlet Diva,Drama,1999,62,10.69,Farlie Ferrandez
089357666-2,Enlightenment Guaranteed (Erleuchtung Garantiert),Comedy|Drama,2006,91,9.02,Ileane Masding
816481537-3,Two for the Road,Comedy|Drama|Romance,1985,13,8.31,Aguie Beer
293589954-7,"Wizard of Oz, The",Adventure|Children|Comedy|Fantasy,2000,41,7.21,Geneva Burnyeat
810345388-9,Schtonk!,Comedy,2012,52,2.75,Federica Atrill
022997834-7,"Perfect Storm, The",Drama|Thriller,2008,93,14.1,Tito Jaquemar
254252619-2,"Pirates of Penzance, The",Adventure|Comedy|Musical,2000,45,29.57,Larisa How
393759818-9,Curse of the Blair Witch,Documentary|Horror|Thriller,2010,51,6.54,Richard Sharpe
440285254-4,Private Parts,Comedy|Drama,1989,35,16.49,Debee Olander
124528098-8,Trick 'r Treat,Comedy|Horror|Thriller,2012,22,6.35,Belva Reyes
001114523-4,"Initiation, The",Horror|Mystery|Thriller,2005,61,27.13,Fannie Denkin
893090441-6,"Slumber Party Massacre, The",Horror,1993,100,29.92,Martie Gehrtz
242388508-3,"Magic Sword, The",Drama|Fantasy,2011,86,29.76,Tami Boards
281621004-9,Cobb,Drama,2001,48,16.38,Doyle Wicher
786303814-6,"Bucket List, The",Comedy|Drama,2006,19,2.59,Joby Grainger
477620646-3,"Egyptian, The",Drama,2011,90,24.8,Angelina Craghead
523236083-3,Random Hearts,Drama|Romance,2011,13,2.23,Wolf Chipps
562382913-9,Wonder Bar,Comedy|Crime|Drama|Musical|Romance,1994,23,25.07,Zared McNally
538029264-X,Wanted! (Nachbarinnen),Drama,2007,74,29.44,Wright Bullingham
391530068-3,"Crimson Rivers 2: Angels of the Apocalypse (Rivières pourpres II - Les anges de l'apocalypse, Les)",Action|Crime|Thriller,1992,81,16.86,Dominic Akett
657081632-2,Everybody Wins,Drama|Mystery|Thriller,1991,20,22.42,Georgianna Kennifeck
156150583-8,"Bone Collector, The",Thriller,1998,47,8.74,Ellery Silwood
370761640-1,The Last Outpost,Western,2010,69,15.62,Karyl Stichall
316645468-3,"Big Blue, The (Grand bleu, Le)",Adventure|Drama|Romance,2012,71,2.36,Davidson Rontsch
885536581-9,"Mystery of Picasso, The (Le mystère Picasso)",Documentary,2002,51,26.96,Aleksandr Kellen
447157923-1,Encore,Comedy|Drama,2002,16,10.95,Inigo Glawsop
989029251-3,Vampire Apocalypse,Comedy|Horror,2002,45,3.98,Di Mouser
855381322-3,Psycho,Crime|Horror,1997,65,19.99,Matilde Glasscoo
784415753-4,Betsy's Wedding,Comedy,2002,21,15.57,Bobby Brodhead
444582101-2,"Last Boy Scout, The",Action|Comedy|Crime|Drama|Thriller,2010,6,13.36,Yvon Heningham
447234070-4,Dischord,Drama|Thriller,1985,9,27.2,Loralyn Geggie
256387287-1,Unborn in the USA: Inside the War on Abortion,Documentary,2010,49,6.95,Rube Dinnis
846977001-2,Tropic Thunder,Action|Adventure|Comedy|War,1999,48,23.76,Charmaine Waldocke
261840123-9,Boyz N the Hood,Crime|Drama,2003,2,18.42,Derry Champness
949470341-3,No Name on the Bullet,Western,1991,63,23.25,Tonie Wreak
716419290-1,"Sea Hawk, The",Action|Adventure|Romance,1992,55,25.11,Allen Brandone
101636468-7,Nayak: The Hero,Drama,1976,27,11.7,Cosme Meddows
968097924-5,Abraham Lincoln: Vampire Hunter,Action|Fantasy|Horror|Thriller,1997,3,25.88,Donnie Drysdale
316790427-5,Lost Horizon,Drama,2006,94,27.29,Sarah Crut
316796878-8,Operation Endgame,Action|Comedy|Drama,1999,40,29.16,Virgie Agius
624786560-0,"Man with Bogart's Face, The",Comedy,2012,21,26.37,Rina Cordie
632663441-5,Battle Beyond the Stars,Sci-Fi,2000,46,9.26,Maiga Danielian
941301420-5,Total Recall,Action|Adventure|Sci-Fi|Thriller,1995,21,22.12,Puff Barde
706499643-X,Gold Raiders,Comedy|Western,1999,2,3.4,Bettina Nicol
081968530-5,Life as a House,Drama,1999,54,13.75,Lukas Tincey
746940214-4,"Detective, The",Crime|Drama,2001,56,25.09,Flori Andress
776693005-6,D.O.A.,Drama|Film-Noir|Mystery,1998,72,8.28,Marsiella Coulthard
503937359-7,Harold and Maude,Comedy|Drama|Romance,2012,81,6.37,Melli Guilbert
223056198-7,Prophet's Prey,Crime|Documentary,2008,41,1.99,Joanie Tutchings
999588693-6,"Last House on the Left, The",Crime|Horror|Thriller,2007,83,8.38,Niel Slaughter
818283499-6,Too Many Cooks,Comedy,1992,79,2.54,Farah Hrinchishin
419021276-8,Heart of a Dog (Sobachye serdtse),Comedy|Drama|Sci-Fi,1990,22,14.95,Nadine Pratt
771045446-1,Author! Author!,Comedy|Drama,2009,83,15.2,Dev Castellet
843863022-7,Wild Zero,Action|Comedy|Horror|Romance|Sci-Fi,1992,72,13.57,Katrine Lere
236188390-2,Our Beloved Month of August (Aquele Querido Mês de Agosto),Romance,2009,47,7.33,Danna Whitty
635824484-1,"Defender, The (a.k.a. Bodyguard from Beijing, The) (Zhong Nan Hai bao biao)",Action,1987,23,12.07,Tania Arkwright
632916363-4,Living with Wolves,Documentary,1998,2,5.05,Ivory Lockhart
466882050-4,Hava Nagila: The Movie,Comedy|Documentary|Musical,1985,54,1.14,Berri Kemmey
243669806-6,The Hungover Games,Comedy,2011,91,17.59,Cecilla Bellay
016508089-2,Bad Chicken,Comedy,2003,100,26.07,Valentia Norkutt
696296555-9,Step Up All In,Drama|Musical|Romance,2009,89,15.32,Thia Willicott
093098318-1,"Trap: What Happened to Our Dream of Freedom, The",Documentary,1995,95,9.11,Trevor Oulner
126268406-4,Captain America: The First Avenger,Action|Adventure|Sci-Fi|Thriller|War,1998,61,4.71,Vittorio Sessions
211421534-2,The Feminine Touch,(no genres listed),2010,34,4.86,Gage Relton
330237842-4,Talking Funny,Comedy,2010,22,12.65,Vinnie Pedrazzi
811406450-1,Final Approach,Sci-Fi|Thriller,2012,20,15.02,Belvia Savile
315178626-X,Men in Black (a.k.a. MIB),Action|Comedy|Sci-Fi,2006,24,4.8,Wileen Hofer
943738196-8,Carbon Copy,Comedy,1993,4,6.65,Gianni Huckle
315632332-2,Call Me Madam,Comedy|Musical|Romance,2000,48,22.88,Nora Frisch
086650293-9,Caesar Must Die (Cesare deve morire),Drama,2008,27,18.32,Shell Backhouse
537391693-5,"Next Step, The",Drama,1999,96,27.82,Lynea Killner
211420470-7,Password: Uccidete agente Gordon,(no genres listed),2009,2,16.04,Shelley Stringfellow
578191257-6,Gravity,Action|Sci-Fi|IMAX,1994,62,5.71,Fiona Petrakov
872097947-9,Last Train from Gun Hill,Drama|Western,1999,5,4.24,Alma Pleasaunce
072032069-0,"Brothers Grimm, The",Comedy|Fantasy|Horror|Thriller,2009,28,23.94,Ethyl Toms
307411773-7,Trancers II,Action|Sci-Fi,1997,29,1.25,Alidia Llewelyn
341181664-3,Lesbian Vampire Killers,Action|Comedy|Horror,2002,54,5.67,Jacqueline Gripton
774975296-X,Donovan's Brain,Sci-Fi,2006,57,11.21,Zarah Ducarne
280813607-2,Welcome to Sarajevo,Drama|War,2006,32,22.3,Iggie Bleyman
431768634-1,Supermen of Malegaon,Documentary,2010,52,28.73,Essy Moxley
748231312-5,Storyville,Drama|Thriller,1967,50,13.06,Nana Youhill
336595451-1,Bullies,Action|Drama|Thriller,1992,36,5.23,Barclay Hedges
889906919-0,Deadline at Dawn,Film-Noir|Mystery|Romance|Thriller,2006,33,21.77,Shaine Keelinge
111492101-7,Candles on Bay Street ,Drama,2007,2,8.41,Nat Denziloe
110703169-9,Stir Crazy,Comedy,2007,71,7.41,Sloan Maylin
028636156-6,"Phantom Tollbooth, The",Adventure|Animation|Children|Fantasy,1998,41,2.38,Brandy Berney
116576070-3,North Dallas Forty,Comedy|Drama,2013,30,26.72,Pollyanna Swin
413414151-6,Under the Roofs of Paris (Sous les toits de Paris),Comedy|Drama|Romance,1992,33,27.63,Bobbye Carlisi
467395382-7,Gotti,Crime|Drama,2009,76,17.64,Lucila Goldine
148751294-5,"Yank in the R.A.F., A",Action|Adventure|Drama|Romance|War,2007,60,21.59,Valentin Larmour
951548485-5,Absolute Power,Mystery|Thriller,2011,38,19.49,Christabella Jallin
873377846-9,Who's Harry Crumb?,Comedy|Mystery,1995,65,18.62,Henryetta Tennock
909972338-5,"Moment of Truth, The (Il momento della verità)",Drama,2007,3,10.92,Briggs Kerins
290412406-3,9th Company,Action|Drama|War,1999,10,13.18,Hector Winslow
088078913-1,Grande école,Drama,2009,56,2.31,Lindie Habershon
030630917-3,The Garden of Sinners - Chapter 5: Paradox Paradigm,Animation,2009,63,26.89,Goran Wyse
152567691-1,Once in a Lifetime,Comedy,2008,15,29.73,Feliks Trustram
378480556-6,It Follows,Horror,2004,17,21.94,Karrie Elsy
666955858-9,Captive Heart: The James Mink Story,Drama,2005,17,26.28,Martica Foulks
866940898-8,Zorro,Action|Adventure|Comedy|Western,2002,84,11.95,Sofia Berggren
197619504-7,"Young Törless, The (Junge Törless, Der)",Drama,1993,67,28.04,Westbrooke Hegdonne
330621804-9,TerrorStorm: A History of Government-Sponsored Terrorism,Documentary,2007,22,15.87,Ardelle Kneeland
518101290-6,Metal Brothers (Mammas pojkar),Comedy,1989,74,29.53,Whitney Piotr
237338681-X,Forever Hardcore: The Documentary,Documentary,2011,92,23.34,Davis Geertsen
361231399-1,Chasers,Comedy,1994,28,7.25,Agneta Adelberg
927965533-7,Phantasm IV: Oblivion,Horror,1992,84,25.75,Zitella Faunt
765442738-7,Flipper,Adventure|Children,1992,44,3.02,Phyllis Cabrera
731384260-0,Beyond Outrage,Action,1995,14,18.08,Alberta Guess
255296247-5,Helsinki Napoli All Night Long,Comedy|Thriller,2011,99,20.52,Lorinda Ferry
736570855-7,Emo Philips Live,Comedy,2012,70,26.18,Tara Fitton
107863695-8,"Proposal, The",Comedy|Romance,2005,9,12.97,Killian Antoinet
730622323-2,Joseph and the Amazing Technicolor Dreamcoat,Musical,2005,14,5.87,Nicko Bromehed
329559090-7,"Last Airbender, The",Action|Adventure|Fantasy,2006,17,6.16,Bennett Boame
768628887-0,Red Sorghum (Hong gao liang),Drama|War,2008,30,25.43,Sophi Cabane
666092994-0,Tiptoes,Comedy|Drama|Romance,2011,64,27.88,Carleen Dunsford
182122180-X,"Blue Umbrella, The",Animation,2000,31,26.5,Rubetta Bristo
464140601-4,"Executioner, The (Massacre Mafia Style)",Crime|Drama|Thriller,2001,85,23.24,Dunstan Baxendale
213478181-5,Coco Chanel,Romance,1984,42,29.03,Monika Dusey
996868211-X,Mulholland Falls,Crime|Drama|Thriller,2012,11,24.98,Appolonia Toye
849902401-7,False Trail (Jägarna 2),Crime|Mystery|Thriller,1999,5,29.64,Aleda Hemms
718053658-X,Aftermath,Horror,2011,47,2.51,Mauricio Turbard
355574857-2,Feast of Love,Drama|Romance,1993,91,7.45,Monty Maulin
311944178-3,Let It Be,Documentary,1992,41,8.32,Sibelle Yendle
264747165-7,The Adventures of Hercules,Comedy|Fantasy,2005,3,21.12,Ruthann Maffulli
556734035-4,Gamer,Action|Sci-Fi|Thriller,2012,45,2.78,Terrye Keasey
721032592-1,Drained (O cheiro do Ralo),Comedy,2008,16,19.67,Maxwell Esmead
310420346-6,Foreign Land (Terra Estrangeira),Action|Crime|Drama|Romance|Thriller,2011,67,5.08,Rich Barnfield
125461598-9,"Wonderful, Horrible Life of Leni Riefenstahl, The (Macht der Bilder: Leni Riefenstahl, Die)",Documentary,2008,17,22.63,Bertine Mollnar
034525727-8,Reform School Girls,Action|Drama,1998,25,21.77,Corney Joly
501750274-2,This Film Is Not Yet Rated,Documentary,2001,72,3.34,Pen Wyleman
641247845-0,"Princess Bride, The",Action|Adventure|Comedy|Fantasy|Romance,1977,8,3.47,Emelyne Artindale
498429638-0,I'm Still Here,Comedy|Drama,2009,60,16.2,Anett Berrick
865214463-X,Capone,Crime|Drama,2002,52,16.03,Frank Blanchette
521290078-6,Naked Weapon (Chek law dak gung),Action|Drama|Romance|Thriller,1995,34,23.19,Mil Ironmonger
823466480-8,"Ant Bully, The",Adventure|Animation|Children|Comedy|Fantasy|IMAX,2004,39,1.19,Ibby Bretherton
332898921-8,Going Down in LA-LA Land,Comedy|Drama|Romance,1986,83,5.15,Alden Glasbey
164528357-7,Ewoks: The Battle for Endor,Adventure|Children|Fantasy|Sci-Fi,1969,100,17.27,Nicki Umney
596468324-X,"Brink's Job, The",Comedy|Crime|Drama,2000,56,20.53,Shani O'Gaven
209970376-0,"Song of Bernadette, The",Drama,1992,23,17.45,Alexei Jeannon
638647851-7,Brother of Sleep (Schlafes Bruder),Drama,1999,51,1.3,Ingaborg Boustead
592844039-1,Selma,Drama,2011,70,6.29,Ruperta Bendon
266944920-4,Barefoot,Comedy|Drama|Romance,2005,43,22.2,Elisabetta Ugo
260742690-1,World Without End,Sci-Fi,1999,43,1.17,Oates Weben
735225578-8,Breathing Room,Horror|Mystery|Thriller,1996,24,1.03,Royal Shipman
358689918-1,After Image (Seeing in the Dark),Drama|Thriller,2012,71,11.66,Randolf Meardon
035731980-X,Meet Me at the Fair,Musical,1996,25,12.08,Karney Caramuscia
224636920-7,"Romantics, The",Comedy|Drama|Romance,2009,87,19.01,Phylys Catlin
927119442-X,"Big, Large and Verdone",Comedy,2011,60,26.92,Tommie Dominicacci
849159951-7,Stanley Kubrick's Boxes,Documentary,2002,27,15.73,Meredeth Van der Brug
560592563-6,Global Metal,Documentary,1990,62,27.97,Marie-ann Aldwich
466170750-8,We Are Young. We Are Strong.,Drama,1991,20,4.98,Pernell Antley
887585261-8,Prison Break: The Final Break,Action|Drama|Thriller,2003,6,13.26,Abner Faich
621869008-3,Secret Ceremony,Drama|Thriller,1995,11,11.64,Chico Grigorkin
214521111-X,Dolls,Drama|Romance,1984,7,23.88,Hanna Treacher
537952533-4,Disorder,Documentary,2000,35,12.14,Kit Skinner
003174241-6,I Love Sarah Jane,Horror|Romance,1992,10,13.94,Roderick Borzone
032120805-6,"Waiting Room, The",Documentary,1999,16,15.68,Inge Hyland
355224808-0,G.I. Jane,Action|Drama,1986,24,13.43,Ezekiel Kubes
516144331-6,Candy,Drama|Romance,2009,58,27.09,Myer Morrowe
995178851-3,Slasher House,Horror,2008,91,13.89,Hedvige Jerdan
772968867-0,"Union, The",Documentary,2009,22,29.04,Edy Taye
267062421-9,On the Edge (Hak bak do),Crime|Drama,2008,18,11.65,Nixie Devey
805625424-2,Pieces (Mil gritos tiene la noche) (One Thousand Cries Has the Night),Horror|Mystery|Thriller,2006,3,15.48,Sherline Deners
543148966-6,High and Dizzy,Comedy,2004,23,7.5,Dacia Boncore
514237448-7,Jack Frost 2: Revenge of the Mutant Killer Snowman,Horror,1963,6,10.61,Putnem MacColgan
854830628-9,Men with Guns,Drama,2002,41,17.54,Grantham Bengtson
863801467-8,Warlock,Romance|Western,1997,24,4.8,Lorianne Steptoe
602499850-3,My Boy,Comedy|Drama,2010,81,23.59,Chev Asplin
861228171-7,The Perfect World of Kai,Animation|Drama,1996,39,13.42,Pearla Pond-Jones
214804736-1,The Voice of the Moon,Adventure|Comedy|Drama,1996,8,28.6,Amitie Brumpton
244202584-1,"Nine Lives of Fritz the Cat, The",Animation,1984,81,13.72,Rhonda McDougald
428287163-6,"Island, The",Action|Sci-Fi|Thriller,2007,51,25.32,Laurence Dearman
011631742-6,Spine Tingler!  The William Castle Story,Documentary,1991,9,28.3,Shoshana Wolfinger
141367648-0,"Time to Live, a Time to Die, A (Tong nien wang shi)",Drama,1995,25,1.64,Claudetta Tapscott
188442835-5,Earth,Documentary,2005,47,8.63,Bald Molloy
387962430-5,"House Built on Water, A (Khanei ruye ab)",Thriller,1994,6,8.97,Birgitta Paver
078767012-X,Lone Wolf and Cub: Baby Cart in Peril (Kozure Ôkami: Oya no kokoro ko no kokoro),Action,2007,13,5.92,Ekaterina Rentoll
495919439-1,One-Way Ticket to Mombasa (Menolippu Mombasaan),Comedy|Drama,1988,94,15.63,Yvor Meneo
044143690-0,Tango,Drama|Musical,1996,99,24.59,Adelaida Gronou
397140104-X,Werewolf Woman (La lupa mannara),Horror,2009,77,11.98,Karla Longman
235940995-6,Welcome to New York,Drama,2004,30,26.99,Everett Dunthorn
023091172-2,May,Drama|Horror,2009,47,13.1,Anderea Tarbert
047039994-5,Way Down East,Drama|Romance,2009,16,22.31,Christy Lawerence
899112496-8,"River, The",Drama|Romance,1994,83,11.65,Clareta De Giorgi
128963370-3,Dinotopia: Quest for the Ruby Sunstone,Children|Fantasy|Sci-Fi,2008,71,16.47,Elwyn Kenealy
729437628-X,Days of Being Wild (A Fei jingjyuhn),Drama|Romance,1985,64,10.24,Godfry Puleston
278130987-7,"Trial of Billy Jack, The",Action|Drama|Musical,1996,86,24.19,Erastus Philot
994075166-4,Love Is All There Is,Comedy|Drama,2005,28,13.85,Casper Bayne
761792445-3,Warriors of Virtue,Action|Adventure|Children|Fantasy,1986,67,17.98,Gabriele Capron
350956759-5,Come to the Stable,Drama,2005,55,16.93,Roberto Truman
311623524-4,"Sorcerer and the White Snake, The (Bai she chuan shuo)",Action|Fantasy|Romance,2005,25,16.38,Benedict Covell
313769079-X,25 Watts,Comedy|Drama,2008,66,10.0,Gaspar Beneteau
406932927-7,"Queen, The",Drama,2007,96,29.07,Bronson Ollier
490863992-2,Toy Soldiers,Action|Drama,2007,80,10.8,Christiane O'Nions
055636569-0,Música Campesina (Country Music),Comedy|Drama,2007,62,9.54,Lyon Freathy
750250978-X,"Life of Oharu, The (Saikaku ichidai onna)",Drama,1996,22,10.3,Norry Durbann
475325243-4,Making 'The New World',Documentary,1992,60,29.22,Andie Cretney
283071417-2,It's My Mother's Birthday Today,(no genres listed),2001,29,28.13,Dalston Danko
401301987-6,Spy Hard,Comedy,1999,76,4.49,Stacy Bernini
171204021-9,"Man with the Iron Fists, The",Action|Adventure|Crime,1989,87,8.07,Heidie Soppett
741053356-0,"American Friend, The (Amerikanische Freund, Der)",Crime|Drama|Mystery|Thriller,1994,96,2.5,Llywellyn Cronchey
316884739-9,Pumzi,Sci-Fi,2004,56,23.17,Mikol Ditts
185232608-5,Machine Gun Preacher,Action|Crime,2010,69,18.99,Horatius Wearden
762447829-3,"Tracker, The",Drama,2009,3,16.41,Osborne Dunks
036562180-3,Marie-Jo and Her 2 Lovers (Marie-Jo et ses 2 amours),Comedy|Drama,2012,8,22.49,Vally Gladwell
692292132-1,"Man Who Captured Eichmann, The",Drama|War,1991,81,14.35,Norina Enders
522371681-7,Middle of Nowhere,Drama|Romance,1986,34,12.66,Lynne Veivers
338380784-3,Avenue Montaigne (Fauteuils d'orchestre),Comedy|Drama|Romance,1988,77,11.15,Sebastiano Clail
411531937-2,40 Days and 40 Nights,Comedy|Romance,2008,97,23.26,Kippie Hallaways
510020105-3,Sink or Swim,Documentary,1994,98,19.55,Mozelle Attiwill
013406988-9,Willy Wonka & the Chocolate Factory,Children|Comedy|Fantasy|Musical,1993,22,23.25,Alie Robjohns
159806100-3,"Rainmaker, The",Comedy|Romance|Thriller|Western,2000,8,29.63,Zorah Niese
210349010-X,Paziraie Sadeh,Drama,1995,91,19.22,Gauthier Simper
058576941-9,Babylon 5: In the Beginning,Adventure|Sci-Fi,1989,15,6.04,Ryan Dingate
353262006-5,"Feuer, Eis & Dosenbier",Comedy,2002,37,5.53,Malina Tarborn
383192355-8,Electric Shadows (Meng ying tong nian),Drama,1995,21,25.64,Alix Bradfield
957120396-3,No Way Out,Drama|Mystery|Thriller,2002,51,15.79,Kara Castelluzzi
339024032-2,"Dam Busters, The",Action|Drama|War,1993,43,4.22,Alvy Kerne
436304986-3,Help! I'm A Fish,Adventure|Animation|Comedy,1992,17,19.09,Cilka Course
741686406-2,Skippy,Comedy|Drama,1994,65,28.73,Deloris Lambrechts
685692105-5,Ambition,Sci-Fi,2004,40,28.96,Hanna Pritchard
803300375-8,Silent Night,Horror,2006,49,7.81,Joshuah Hazleton
471432329-6,Airplane II: The Sequel,Comedy,2003,63,20.78,Edmund Welchman
853563856-3,Looking for Maria Sanchez,Comedy|Romance,1989,55,11.91,Wilhelmine Fairest
009753572-9,Murder!,Mystery|Thriller,2010,100,20.3,Maxi Dyerson
415133508-0,Klimt,Drama,2003,22,3.88,Lucho Jerzycowski
171140931-6,Yeti: The Giant of the 20th Century,Adventure|Fantasy,2001,65,25.69,Andra Firby
026312960-8,Make Believe,Documentary,2005,13,12.41,Valaree Christiensen
732703591-5,Bad Medicine,Comedy,1986,63,8.81,Glennie Dearnaley
593847885-5,Something Like Happiness (Stestí),Comedy|Drama,1994,8,22.82,Pier Shrimpling
709625048-4,My Night At Maud's (Ma Nuit Chez Maud),Comedy|Drama|Romance,1999,26,2.8,Kasper Easom
984553731-6,"Notorious Landlady, The",Comedy|Mystery,2005,56,26.54,Vicki Ascrofte
477590250-4,Lightning Jack,Comedy|Western,1993,75,1.47,Orrin Bisatt
608258144-X,Love and Pain and the Whole Damn Thing,Comedy|Drama,1994,10,16.84,Tiffie Casillas
430576433-4,Wyvern,Horror|Sci-Fi|Thriller,1993,66,19.63,Leoine Swainsbury
268872797-4,Sweet Home Alabama,Comedy|Romance,2008,57,29.36,Willa Blythin
059806516-4,Blossoms in the Dust,Drama,2008,64,13.25,Ekaterina Crystal
076243898-3,Get Low,Comedy|Drama|Mystery,1998,7,8.92,Matthias MacMenamy
175343550-1,California Suite,Comedy,2004,60,2.49,Arleen Drewes
773185085-4,"House Built on Water, A (Khanei ruye ab)",Thriller,2007,68,23.79,Romona Cohen
612583813-7,Any Day Now,Drama,1990,13,13.78,Ronny Leppington
263503562-8,"Angels' Share, The",Comedy|Drama,2011,43,27.84,Gianina Marages
182700216-6,Dallas,Western,1999,11,22.48,Laverna Shepherdson
781149717-4,Fat Kid Rules the World,Comedy,1989,64,2.68,Gerrie Artois
735995534-3,Come Have Coffee with Us,Comedy,2012,49,10.38,Egan Vose
546703707-2,Australian Atomic Confessions,Documentary,1997,9,1.24,Caril Prestner
970827508-5,Assassination of a High School President,Comedy|Drama|Mystery,1992,2,1.74,Babita Giacomazzo
836548225-8,Duets,Comedy|Drama,1996,72,15.0,Raynor Spinley
921879707-7,Lettera Amorosa,(no genres listed),2003,86,20.4,Sid Sleney
484609535-5,"Seven Year Itch, The",Comedy,2004,22,23.45,Lynett Shippam
044356123-0,Blue Streak,Comedy,1989,51,22.03,Deborah Darlasson
455836725-2,Protocols of Zion,Documentary,2005,77,7.8,Sayers Dutnall
663710159-1,Brain Damage,Comedy|Horror,2003,90,7.88,Cordi Boatwright
260788388-1,"Den, The",Horror|Thriller,2008,72,10.57,Griz Kinworthy
289314972-3,Coco Chanel,Romance,1994,17,9.57,Lark Elbourn
817465499-2,The Kick,Action,2005,86,25.58,Helaina Boggas
165952230-7,Novocaine,Comedy|Crime|Mystery|Thriller,1986,95,22.21,Will Vedeniktov
025812219-6,Piggy,Thriller,2008,85,26.72,Dedie Morson
061114541-3,In the Good Old Summertime,Musical,2002,98,24.74,Lavinie Liverock
465916536-1,"Cheerleaders, The",Comedy,2006,86,26.3,Ramonda De Bruyn
383016134-4,17 Girls (17 filles),Drama,1966,93,29.05,Boy Bouchard
608281701-X,"Offence, The",Crime|Drama|Mystery,1992,43,8.43,Gerrie Marcus
996812366-8,Sarah Silverman: Jesus Is Magic,Comedy|Musical,1993,88,27.32,Donnie De Filippis
171376048-7,Cluny Brown,Comedy|Romance,2000,26,22.51,Bernadene Pfeifer
986839348-5,Flicker,Horror,2005,96,29.31,Fionna Bowfin
444036973-1,Thelma & Louise,Adventure|Crime|Drama,2006,14,10.87,Gavin Ingleton
912356813-5,Semi-Pro,Comedy,1992,74,16.55,Timmi Sier
511478514-1,Storyville,Drama|Thriller,1993,87,13.14,Sebastiano Husk
454768032-9,Promises,Documentary,1999,74,7.59,Richart Maunder
440427926-4,Everybody's All-American,Romance,2003,9,14.57,Shelba Land
824788069-5,Stop Train 349,Drama,1994,67,29.41,Boone Brettoner
781841106-2,Johns,Drama,1998,36,1.28,Gasparo Wattingham
669867629-2,Last Summer in the Hamptons,Comedy|Drama,1996,57,11.55,Kalila Bertolaccini
238817848-7,White Shadows in the South Seas,Drama|Romance,1996,34,3.66,Jessie Simonich
728204354-X,Reign Over Me,Drama,1992,18,22.7,Tibold Elkin
060210600-1,El Lobo,Thriller,2011,90,14.66,Harv Ulyat
157675162-7,Virgin Territory,Adventure|Comedy|Romance,2006,68,3.65,Leora Tanser
747342834-9,The Valley of Gwangi,Sci-Fi|Thriller|Western,2005,13,13.24,Gerladina Schulter
281012873-1,"Park Is Mine, The",Action|Drama|Thriller,2000,97,4.62,Mathe Shiels
075231962-0,"Trials of Oscar Wilde, The",Drama,1993,32,5.25,Reginald Lammers
420146075-4,September,Drama,2011,51,27.33,Minnnie L'Archer
156322470-4,The Land Before Time XI: Invasion of the Tinysauruses,Animation|Children|Fantasy|Sci-Fi,2011,94,16.67,Carmelita Clace
743288670-9,Village People,Comedy,2008,27,17.98,Rabi Kynder
031205182-4,Rhinestone,Comedy,1988,90,17.99,Nady Woolfoot
924188033-3,"Leafie, a Hen Into the Wild (Madangeul Naon Amtak)",Adventure|Animation|Drama,2005,6,3.88,Frances Allnatt
544244174-0,"Wife, The",Comedy|Drama,1991,86,26.45,Thomas Gowanson
343976318-8,"Adventures of Huckleberry Finn, The",Adventure|Children,2000,22,5.47,Batsheva Chitson
234023594-4,Playing the Victim (Izobrazhaya zhertvu),Comedy,2012,74,11.49,Keely Simmgen
615521993-1,Kaksi kotia (Dagmamman),Drama,2000,95,29.26,Shepperd Robeson
059728681-7,Knute Rockne All American,Drama,2007,1,12.53,Natala McCuaig
893682771-5,"Matter of Taste, A (Affaire de Goût, Une)",Crime|Drama|Thriller,2012,91,4.95,Mae Bickers
119054215-3,When Eight Bells Toll,Action|Adventure|Crime|Mystery,2006,14,29.0,Dru Sollom
841472804-9,"Goodbye, Dragon Inn (Bu san)",Comedy|Drama,2003,31,3.52,Ted Jullian
980535654-X,It's Love I'm After,Comedy,1992,17,17.36,Nikkie Hellings
513615528-0,13Hrs,Adventure|Mystery,2003,14,26.32,Rochester Bazely
148616482-X,Gravity,Action|Sci-Fi|IMAX,2012,49,5.6,Kathlin Southward
646213850-5,"Murder of Fred Hampton, The",Crime|Documentary,1994,50,24.76,Cassy Bootell
284412813-0,Boca,Action|Crime|Drama,1998,54,15.59,Daron Chadbourne
081602929-6,Ever After: A Cinderella Story,Comedy|Drama|Romance,2011,88,23.54,Hyacinth Vedishchev
869953448-5,For a Few Dollars More (Per qualche dollaro in più),Action|Drama|Thriller|Western,1988,91,19.61,Sloane Haddinton
686486026-4,It Conquered the World,Sci-Fi,2007,96,25.77,Jasun MacIlory
944564806-4,Killing Words (Palabras encadenadas),Crime|Drama|Thriller,1996,39,22.7,Major Duckers
503289812-0,Becoming Jane,Drama|Romance,2008,43,20.42,Andrey Jachimak
734226366-4,"Report on the Party and the Guests, A (O slavnosti a hostech)",Drama,1998,52,17.07,Maggi Gervaise
899786378-9,Marley & Me,Comedy|Drama,1992,14,14.31,Cordula Hargrove
872993014-6,"Odds, The",Crime|Mystery,2004,24,28.96,Woodman Nangle
082949322-0,"Five Wives, Three Secretaries and Me",Documentary,1999,15,16.75,Darin Melody
764440707-3,Brazil: In the Shadow of the Stadiums,Documentary,1989,35,7.75,Cece Ellwood
799745349-0,Open Season,Comedy,2008,41,6.05,Gerty Clewarth
156822981-X,Cries and Whispers (Viskningar och rop),Drama,2000,4,21.54,Milicent McCrillis
881768028-1,Unfaithful,Drama|Thriller,1991,32,29.36,Gabriel Shawe
774596098-3,The Substitute 2: School's Out,Action|Thriller,1999,35,11.16,Zandra Gotecliffe
783806341-8,"Art of Travel, The",Adventure|Drama|Romance,2002,21,13.6,Jacinta Witham
234793976-9,On the Beach,Drama,1999,54,6.31,Gerik Chazier
660726570-7,Broken City,Crime|Drama|Thriller,1994,78,5.48,Annabal Van der Merwe
823307117-X,Pinocchio,Animation|Children|Fantasy|Musical,1993,10,5.33,Ode Buckner
565635142-4,Chasing Ice,Documentary,2007,4,1.48,Valerie Moynihan
042016862-1,"Virgin Suicides, The",Drama|Romance,2007,67,27.22,Daveen Eastam
489545863-6,"Ice Harvest, The",Action|Comedy|Crime|Thriller,1996,79,17.58,Amil Dulinty
440942270-7,1939: Hollywood's Greatest Year,Documentary,2005,74,22.5,Garnet Ghelerdini
059084045-2,Sky West and Crooked (Gypsy Girl),Drama|Romance,2009,86,16.74,Alejandrina Mulkerrins
517997595-6,The War at Home,Documentary|War,2012,97,22.11,Fletcher Bradford
479138556-X,Cookers,Drama|Horror|Thriller,1987,29,3.94,Shannan Rimmer
937362255-2,"Rescuers Down Under, The",Adventure|Animation|Children,1987,61,1.06,Clarice Morritt
116228098-0,"Django the Bastard (Strangers Gundown, The) (Django il bastardo)",Action|Thriller|Western,2012,17,13.08,Zackariah Andrini
387360838-3,33 Postcards,Drama,1985,69,26.13,Conroy Marfield
220338197-3,Sweethearts,Musical|Romance,2001,69,4.99,Reiko Reolfi
817453056-8,Wagons East,Comedy|Western,1997,99,27.76,Joby Anfrey
760039900-8,Night Falls on Manhattan,Crime|Drama,1989,13,8.36,Shanta McAuslan
864636608-1,Shadows and Fog,Comedy|Drama|Mystery|Thriller,1993,39,11.83,Rita Queyeiro
845070080-9,"We and the I, The",Drama,1994,22,23.93,Curtis Hemphill
672624419-3,Babylon,Drama,2004,100,27.83,Fidole Kirsch
552876514-5,Princesas,Drama,2008,61,22.57,Gage Van der Krui
169041216-X,Escape from Dartmoor,Crime|Drama,1997,54,27.75,Kathleen Scapelhorn
426406514-3,Dances With the Dragons ( Yu long gong wu),Comedy|Drama|Romance,2006,53,1.1,Delaney Weale
640120931-3,Battle of the Bulge,Action|Drama|War,2002,5,23.03,Tammie Clack
471979862-4,MacArthur,Drama,2006,93,10.55,Ambrosio Ambrois
654531807-1,Why Do Fools Fall In Love?,Drama,2011,48,13.47,Cobbie Lembrick
344054519-9,Nine Deaths of the Ninja,Action,2008,80,25.62,Arin Mitkov
552010674-6,Red Doors,Comedy|Drama,1999,80,8.96,Lettie Henriques
523505963-8,Ten Violent Women,Action|Drama,2007,65,19.69,Dyana Gauchier
837273208-6,"Not for or Against (Quite the Contrary) (Ni pour, ni contre (bien au contraire))",Crime|Drama,2012,5,24.27,Davon Annable
848364149-6,Dahmer,Drama|Horror|Thriller,2007,43,18.52,Dede Comini
393563624-5,"Man of Straw (Untertan, Der)",Comedy|Drama,1995,3,24.27,Juline Cobello
440916905-X,Breathless,Thriller,2012,8,15.54,Granny Louder
677668648-3,Outlaw Blues,Drama,2000,69,5.47,Brantley Fishleigh
276920310-X,Unknown White Male,Documentary,2012,31,28.27,Shelly Farherty
209097803-1,Nina Frisk,Comedy|Drama,1991,9,23.33,Creighton Keyworth
167735828-9,Lured,Crime|Film-Noir|Mystery|Thriller,1965,95,26.21,Lanny Schruyer
626072254-0,Deadly Blessing,Horror,1995,99,25.95,Rosemarie Endean
234246664-1,At First Sight,Drama,2008,88,9.41,Edgard McCarle
142995216-4,Winnie the Pooh and Tigger Too,Animation|Children,1993,14,27.73,Muire Huard
585799452-7,Dorian Blues,Comedy,2000,77,24.6,Reba Robert
491184569-4,"Mozart's Sister (Nannerl, la soeur de Mozart)",Drama|Romance,1997,5,27.14,Danya Ucceli
903077621-8,Breaker! Breaker!,Action|Adventure|Crime,2010,65,15.54,Hedi Lehrmann
034920481-0,Batman & Mr. Freeze: Subzero,Action|Animation|Children|Crime,1994,38,24.11,Agnes Kave
247326453-8,Where the Heart Is,Comedy|Drama,1999,61,15.92,Neall Canter
046141857-6,Even Cowgirls Get the Blues,Comedy|Romance,1990,69,15.24,Kent Adamovich
575078055-4,Midnight Bayou,Drama|Mystery|Romance,1983,2,12.12,Birgitta Silby
965537009-7,Charm's Incidents (Charms Zwischenfälle),Drama,2009,59,15.12,Bobbe Patchett
755529034-0,"Seasoning House, The",Horror|Thriller,1995,11,3.25,Leticia Jouannot
402116639-4,Holy Man,Comedy,1998,47,2.31,Danila Redferne
922991380-4,Gaby: A True Story,Drama|Romance,1992,21,22.79,Karmen Wellan
266899888-3,Belizaire the Cajun,Drama,2008,25,17.45,Magdalen Ride
629772441-5,Goodfellas,Crime|Drama,1986,82,17.12,Sam Cownden
265124667-0,Klute,Drama|Mystery,2000,84,7.38,Dan Karlolczak
194552266-6,Candleshoe,Adventure|Children|Comedy,2002,9,25.87,Heidi Whatson
065834267-3,Back to the Beach,Comedy,2008,55,24.33,Eddie McLagan
551798497-5,One Sunday Afternoon,Comedy|Romance,1997,87,8.91,Tomasine Salters
193304220-6,Deadtime Stories,Horror,1984,24,17.2,Ailbert Copyn
638996150-2,Solyaris,Drama|Sci-Fi,1997,6,14.66,Ulrike Casella
117821082-0,"Feuer, Eis & Dosenbier",Comedy,2012,74,11.56,Boyd Kurton
076353657-1,Bikes vs Cars,Documentary,1996,75,12.7,Jaquenette Eslinger
878732827-5,E=mc2,Action|Comedy,2003,17,24.74,Jazmin Winsley
944305310-1,Seeking Justice,Action|Drama|Thriller,1998,6,11.77,Margalit Boichat
420840972-X,"Deadly Tower, The",Action|Drama|Thriller,1995,55,18.18,Juliane Brandsen
443918754-4,"Murder, My Sweet",Crime|Film-Noir|Thriller,2004,50,18.51,Christina Anton
463883699-2,Eaten Alive (Mangiati Vivi),Adventure|Horror,2008,78,1.51,Cirillo Canto
633314147-X,Bad Girl,Drama,1996,74,13.09,Karin Fursse
690559704-X,Anchorman: The Legend of Ron Burgundy,Comedy,1988,60,9.22,Ekaterina Makinson
639710669-1,Little Giants,Children|Comedy,2005,92,3.05,Lucina Abadam
583753172-6,"Scarlet Letter, The",Drama,2002,21,28.59,Leda Plak
148496175-7,Best of the Badmen,Western,1995,3,28.09,Halsy Andreoletti
574577835-0,Death Wish 3,Action|Drama,1990,5,27.54,Nicholas Gledhall
692514606-X,Yesterday Was a Lie,Drama|Film-Noir|Mystery|Romance|Sci-Fi,1989,34,24.78,Gerty Lisett
557086873-9,City Heat,Action|Comedy,2009,3,8.82,Giffard Boner
150112304-1,In Your Eyes,Drama|Fantasy|Romance,2002,75,12.33,Else Stuckford
148425011-7,Lost in the Desert,Adventure|Drama|Thriller,1992,77,23.78,Janek Freeman
951879740-4,Lone Wolf and Cub: Baby Cart in the Land of Demons (Kozure Ôkami: Meifumadô),Action|Drama|Thriller,2013,91,2.09,Denni Ferencz
154955076-4,Dororo,Adventure|Fantasy,2010,2,9.59,Anica Seven
391251319-8,Viagem a Portugal,Drama|Romance,1999,28,13.6,Cindelyn Fleury
841891441-6,Premonition,Drama|Fantasy|Mystery|Thriller,1989,74,29.27,Martita Kingswold
382478611-7,M,Crime|Film-Noir|Thriller,1996,53,19.26,Hamil Sagrott
382456366-5,...tick... tick... tick...,Action|Drama,2002,25,4.03,Dayna Garmons
067849319-7,Lone Wolf and Cub: Baby Cart at the River Styx (Kozure Ôkami: Sanzu no kawa no ubaguruma),Action|Adventure,2010,81,25.61,Camellia Jakaway
711300465-2,Winter of Discontent,Drama,1997,36,8.07,Honey Prew
385455334-X,Cookie,Comedy|Crime,1994,22,17.83,Lyndy Luca
586767353-7,Eddie and the Cruisers,Drama|Musical|Mystery,2011,12,1.26,Clementina Downing
224092361-X,Boots and Saddles,Action|Western,1997,2,17.95,Faye Kristof
430450363-4,Romance on the High Seas,Comedy|Musical|Romance,2010,52,19.0,Ad Emmison
131575278-6,Chu Chin Chow,Comedy|Fantasy|Musical,2009,60,12.16,Damiano Springle
112306120-3,Nine Months,Comedy|Romance,2008,54,22.47,Derek Giovannini
712377813-8,"Hospital, The",Comedy|Drama,1995,87,25.93,Dillie Kemetz
922265233-9,Condorman,Action|Adventure|Children|Comedy,1992,55,9.62,Hogan Ethelston
057646091-5,Tower Heist,Action|Comedy|Crime,1992,84,23.01,Emmanuel Gherarducci
064268558-4,Let's Get Lost,Documentary|Musical,1993,17,6.93,Doralyn Quye
107212957-4,Virus,Horror|Sci-Fi,2008,4,9.76,Jelene Middleweek
110564113-9,"Scanner Darkly, A",Animation|Drama|Mystery|Sci-Fi|Thriller,1992,48,3.61,Marybelle Letchmore
246683560-6,Swamp Women,Adventure|Crime|Horror,1985,88,1.86,Giraud De Carlo
833252205-6,Knight of Cups,Drama,1997,62,19.8,Erma Carlo
773918621-X,Algiers,Drama|Romance,1983,14,1.37,Margy Vasiliu
843787435-1,Pharaoh's Army,War,2012,40,22.66,Jedd Brunnstein
959923617-3,Pitch Perfect,Comedy|Musical,2005,78,7.26,Carlo Winfred
501649506-8,Attila,Action|Horror|Thriller,2000,84,6.48,Emmye Kittiman
972848050-4,Step Up Love Story (Futari ecchi),Animation|Comedy|Romance,1990,42,22.84,Clive Liveing
887437688-X,"Life and Adventures of Santa Claus, The",Animation|Children,2007,18,28.8,Ahmed Parnaby
197951601-4,Way Down East,Drama|Romance,2005,48,14.03,Balduin Wheeler
487422233-1,"Stewart Lee: If You Prefer a Milder Comedian, Please Ask for One",Comedy,1956,74,23.41,Elton Avieson
898252360-X,Those Magnificent Men in Their Flying Machines,Action|Adventure|Comedy,1998,5,8.79,Ellswerth Giacomasso
011942285-9,"Elementary Particles, The (Elementarteilchen)",Drama|Romance,2003,19,4.21,Hugues Lothean
781620722-0,11 x 14,Drama,1994,26,21.8,Hatti Trustram
695933034-3,Remember My Name,Drama|Thriller,2007,58,28.26,Winni Langdon
530403098-2,Gozu (Gokudô kyôfu dai-gekijô: Gozu),Comedy|Crime|Drama|Horror|Mystery,2005,37,28.08,Carlen Shadfourth
790815643-6,Possessed,Drama|Horror,2003,100,8.96,Nevil Damp
377734393-5,"Day of the Jackal, The",Crime|Thriller,2007,50,29.32,Lynne Hubbard
832818260-2,Docking the Boat (Att angöra en brygga),Comedy|Drama|Romance,1986,46,5.55,Woody Sheriff
012416860-4,Whisky Galore,Comedy|Crime,2011,87,20.21,Olivia Bloodworthe
878334714-3,At the River I Stand,Documentary,2002,13,8.42,Bobby Ciccerale
570928066-6,Body and Soul,Drama|Film-Noir,1965,29,15.19,Josefa Bettesworth
396032235-6,Free Willy 2: The Adventure Home,Adventure|Children|Drama,2003,75,29.28,Graehme Haynes
262889146-8,Boris and Natasha,Action|Comedy,1986,26,5.86,Darn Ault
663069313-2,Chinese Take-Out (Chinese Take-Away) (Un cuento chino),Comedy,2003,76,27.78,Stephen Gallehawk
241806899-4,Phantom of the Megaplex,Action|Children|Comedy|Mystery,2006,48,27.31,Estel Whinray
374188795-1,"Nibelungen: Siegfried, Die",Adventure|Drama|Fantasy,1996,3,16.81,Ewell Covil
704363359-1,"Innocent, The",Drama,2010,27,3.59,Adriano Chalder
350479263-9,"City of Lost Children, The (Cité des enfants perdus, La)",Adventure|Drama|Fantasy|Mystery|Sci-Fi,1999,79,23.93,Em Speed
667157098-1,"Lady Takes a Chance, A",Comedy|Romance|Western,1998,88,15.46,Teri Vallance
617590473-7,Spirited Away (Sen to Chihiro no kamikakushi),Adventure|Animation|Fantasy,2009,37,26.21,Barby Crocombe
261695188-6,Flight of the Navigator,Adventure|Children|Sci-Fi,2009,78,22.51,Samara McLeod
629125273-2,Piñero,Drama,2010,95,5.53,Lenci Buddles
364416026-0,El Lobo,Thriller,2007,7,1.24,Flossie Swetland
831127371-5,Satanas,Crime|Drama,2005,50,14.32,Charyl Piers
437899675-8,Fatal Instinct,Comedy,1993,73,2.93,Chrysler Garaghan
325938668-8,12 Angry Men,Drama,2009,30,9.42,Roxane Epperson
811992780-X,"Boy and His Dog, A",Sci-Fi,1995,24,22.8,Nara Daskiewicz
120571230-5,"Slumber Party Massacre, The",Horror,1995,4,24.26,Edithe Shearer
241392438-8,Jack the Bear,Comedy|Drama,2008,38,8.47,Farleigh Benford
132889751-6,Waydowntown,Comedy,1998,3,13.68,Evvy Elfe
782165634-8,Eddie Izzard: Circle,Comedy,1992,12,7.04,Hanan Jantet
639968773-X,Brass Target,Action|Drama|Mystery|Thriller,2006,78,11.25,Grace Gaddas
538479153-5,Attack of the Crab Monsters,Horror|Sci-Fi,2009,100,1.86,Ripley Hurrell
276697474-1,Private Fears in Public Places (Coeurs),Drama|Romance,2004,48,11.97,Magnum Johnsson
590703699-0,Black Sunday,Action|Drama|Thriller,2001,39,9.33,Temp Rockell
860716515-1,Halloween II,Horror,2000,70,15.81,Estella Korneichuk
940939246-2,Fifty Dead Men Walking,Action|Drama|Thriller,1993,88,3.11,Bevvy Raycroft
799461190-7,Oyster Farmer,Drama,1994,94,3.08,Sherm Scrinage
567947875-7,Between Heaven and Hell,Drama|War,2000,19,9.17,Egbert Pritchitt
324878127-0,Pretty Woman,Comedy|Romance,1999,32,13.18,Imojean Ahrens
235262325-1,Point of No Return,Action|Thriller,1995,75,21.5,Ruperto Reynolds
128272987-X,Gen 13 (a.k.a. Gen13: The Animated Movie),Action|Animation|Sci-Fi,2006,22,21.56,Nicolis Ferrolli
003174237-8,Hipnos,Horror|Thriller,2013,62,13.09,Ernesta Kilby
515492567-X,"Die, Monster, Die!",Horror|Mystery|Sci-Fi,1986,33,14.45,Clareta Ridley
425605414-6,"Russian Specialist, The (Mechanik, The)",Action|Drama|Thriller,2004,58,19.82,Brant Potteril
382632043-3,"Milky Way, The",Comedy,2000,21,4.6,Xerxes Franzotto
846165862-0,"Place of One's Own, A",Drama|Mystery|Thriller,2009,37,14.58,Konstanze Hehnke
293892584-0,Thunderheart,Crime|Mystery|Thriller,1993,8,25.55,Witty Dur
020197555-6,I Am Not a Hipster,Drama,2001,18,15.84,Darrin Soltan
632026836-0,Sydney (Hard Eight),Crime|Drama|Thriller,1996,100,18.05,Devland Booeln
406828711-2,Curse of the Puppet Master (Puppet Master 6: The Curse),Horror|Sci-Fi|Thriller,2008,3,25.17,Joela Blaschke
903083372-6,Diamonds,Mystery,1988,19,17.13,Iormina Rouf
669409820-0,Battle in Heaven (Batalla en el cielo),Comedy|Drama|Romance,2009,39,21.86,Zonnya Chantler
088705433-1,Q: The Winged Serpent,Drama|Fantasy|Horror|Sci-Fi|Thriller,2006,54,23.14,Adoree Faulder
282408215-1,Philadelphia Experiment II,Action|Adventure|Sci-Fi,2003,11,22.32,Cristian Elner
487090953-7,Doctor at Large,Comedy|Romance,1998,14,4.59,Mariquilla Jelkes
034057120-9,Nemesis 2: Nebula,Action|Sci-Fi|Thriller,2006,93,24.42,Corabel Gierhard
723852387-6,"Private Eyes, The",Comedy|Mystery,1991,70,16.52,Lavena Hadwen
600783003-9,Dracula,Horror,2012,89,28.95,Reginald Aslet
771429279-2,Time to Leave,Drama,2007,27,28.11,Titus Eagland
178423705-1,Patlabor: The Movie (Kidô keisatsu patorebâ: The Movie),Action|Animation|Crime|Drama|Film-Noir|Mystery|Sci-Fi|Thriller,2011,38,24.79,Pen Castledine
983700300-6,Imagine I'm Beautiful,Drama,2006,13,15.68,Oralia McSporon
943909165-7,"Shadow Dancer, The (Shadows in the Sun)",Comedy|Drama|Romance,1993,41,28.52,Pip Crosscombe
404801785-3,"Very Thought of You, The",Comedy|Romance,2012,50,29.88,Malinde Malicki
427179314-0,14 Hours (Fourteen Hours),Drama|Film-Noir|Thriller,2008,79,15.63,Carmel Ervine
891588812-X,Blackout,Mystery|Thriller,2000,66,17.26,Courtenay Moorhouse
127197335-9,Mouth to Mouth,Drama,2009,42,10.69,Cassondra Brader
277530203-3,I Saw Mommy Kissing Santa Claus,Children|Comedy,1998,26,7.23,Bridget Rundle
891189536-9,Hustle & Flow,Crime|Drama,2001,27,23.72,Corabella Watson-Brown
949043798-0,Central Park,Documentary,1993,53,3.43,Hastings Sonley
520879525-6,3:10 to Yuma,Action|Adventure|Drama|Thriller|Western,2003,71,21.74,Lucilia Haccleton
017616207-0,"Saga of Gosta Berling, The (Gösta Berlings saga)",Drama|Romance,2004,83,24.66,Sibley Glencrosche
664054707-4,Camouflage (Barwy ochronne),Comedy|Drama,2004,71,12.21,Trix Woodward
534634305-9,Fear,Horror|Thriller,2005,31,18.61,Gloriana Rockall
910498340-8,Mirrors,Horror|Mystery|Thriller,2012,73,5.78,Neely Groom
254408677-7,Polskie gówno,Comedy|Musical,2002,56,29.01,Clemmie Rutty
087004335-8,Stranger on the Prowl (Imbarco a mezzanotte),Drama,1992,14,23.78,Easter Croisier
825560780-3,"Counterfeit Traitor, The",Thriller|War,1985,86,10.62,Hadlee Colbron
836116998-9,Experience Preferred... But Not Essential,Drama,2006,27,15.65,Carolan Yashaev
207599017-4,What No One Knows (Det som ingen ved),Drama|Thriller,1991,71,14.4,Simon Ablett
952374533-6,They Wait,Horror|Mystery|Thriller,2010,48,15.6,Georgianna Roux
919027945-X,Up in the Air,Drama|Romance,2008,84,20.51,Mathilde Pottberry
704971253-1,"Ivan the Terrible, Part Two (Ivan Groznyy II: Boyarsky zagovor)",Drama,1989,48,9.61,Nola Moyles
413866890-X,Luster,Comedy|Drama|Romance,1977,9,17.69,Agnella Rubberts
969472151-2,Duelist (Hyeongsa),Action|Mystery,2007,92,12.13,Renie Crose
473794430-0,Boy (Shônen),Drama,2001,46,29.9,Robin Ritchard
406947343-2,Like Mike 2: Streetball,Children|Comedy,1992,59,9.06,Gibb Jude
214350225-7,At the Devil's Door,Horror,1995,88,20.28,Chaddie Beaten
725711154-5,Lewis Black: Stark Raving Black,Comedy,2008,82,28.71,Bard Golsby
226714700-9,"Private War of Major Benson, The",Children|Comedy|Romance,1994,71,2.21,Lexi Twigger
125198195-X,The Wedding Ringer,Comedy,1987,56,15.31,Rubetta Lanmeid
181384991-9,"Nibelungen: Siegfried, Die",Adventure|Drama|Fantasy,2000,28,26.59,Othello Giacopini
207270757-9,Road Hard,Comedy,2000,79,18.41,Darlleen Smither
036031254-3,"Shaolin Temple, The (Shao Lin Si)",Action,2009,86,4.09,Fawne Scogings
411750901-2,Blonde Ambition,Comedy|Romance,2012,88,5.59,Steven Pollock
629879072-1,Woodstock,Documentary|Musical,1976,18,28.2,Ellene Acomb
400295143-X,Warriors (Guerreros),Adventure|Drama|War,1994,33,14.52,Aldous Skaife d'Ingerthorpe
665992314-4,Queen of Outer Space,Adventure|Fantasy|Sci-Fi,2003,42,12.1,Petronella Hoogendorp
670978214-X,"Score, The",Action|Drama,2009,8,6.06,Briney Brosetti
707327519-7,Raintree County,Drama|Romance,1997,87,15.46,Valida Sarll
562869052-X,Visit to a Small Planet,Comedy|Sci-Fi,2002,51,1.41,Rahel Topham
635951439-7,"Don't Worry, I'm Fine (Je vais bien, ne t'en fais pas)",Drama,1998,8,7.43,Brigit O'Driscoll
063293549-9,Nevada Smith,Western,1996,62,17.95,Beret Southworth
822640983-7,Fire Down Below,Action|Drama|Thriller,2007,96,26.22,Cindie Dallicott
249056558-3,Not of This Earth,Sci-Fi,1956,97,15.41,Ivory Maxwale
770677134-2,Suzanne's Career (La carrière de Suzanne),Romance,2006,97,28.3,Velvet Gannicleff
434864658-9,Flight of the Phoenix,Action|Adventure,2011,41,6.15,Rosmunda Frostdick
652204749-7,Pennies from Heaven,Comedy|Drama|Musical,1989,76,28.55,Kingsly Broschke
059460536-9,Welcome to the South (Benvenuti al Sud),Comedy,2008,7,26.23,Amalita Clemenza
831593163-6,Back to the Future Part II,Adventure|Comedy|Sci-Fi,1994,35,21.32,Bertram Golsworthy
181312305-5,Lawman,Western,2001,75,5.29,Leland Isselee
368871442-3,Fire Down Below,Action|Drama|Thriller,1998,5,3.44,Wallis Bogace
704091236-8,Cabin Boy,Comedy,1991,12,17.07,Shelby Everton
657875145-9,Police Academy 4: Citizens on Patrol,Comedy|Crime,2009,11,3.6,Aubrey De Hoogh
056090778-8,Seize the Day,Drama,2000,16,24.72,Ferdinanda Wearing
831271579-7,"Fugitive Kind, The",Crime|Drama|Romance,2004,45,8.52,Alick Bertouloume
425579442-1,Lemonade Joe (Limonádový Joe aneb Konská opera),Adventure|Comedy|Musical|Romance|Western,2007,14,2.47,Mendel Kivlin
459184027-1,Trippin',Comedy,2002,36,16.87,Nichols Andryunin
888104650-4,Borderline,Crime|Drama|Romance,1998,66,19.71,Oralee Mealham
163304584-6,Lost and Delirious,Drama,2011,93,22.85,Morly Campos
212677118-0,One Fine Spring Day (Bomnaleun ganda),Drama,2006,78,17.45,Darcy Osgorby
732267069-8,"Dark Angel: Ascent, The",Horror|Romance,1983,90,19.2,Cesar Tight
248581492-9,"Living Room of the Nation, The (Kansakunnan olohuone)",Documentary,1984,83,20.21,Darda Fulks
181263468-4,Malaya,Adventure|Drama,2006,8,8.4,Butch Blumsom
580453841-1,"Ator, the Fighting Eagle (Ator l'invincibile)",Action|Adventure|Fantasy,2008,25,21.14,Aundrea Bloxam
552998988-8,One Step Ahead of My Shadow,(no genres listed),1997,77,13.85,Kari Aspinell
963584710-6,Easy Living,Comedy|Romance,2005,62,3.28,Claudia Kennea
302622507-X,Populaire,Comedy,2009,34,21.12,Ronnie Maughan
483251005-3,Kurt Cobain About a Son,Documentary|Musical,2006,59,6.8,Igor Coult
861185904-9,Eight Below,Action|Adventure|Drama|Romance,1984,58,19.78,Kinna Spohrmann
109318194-X,Murder by Proxy: How America Went Postal,Documentary,1989,43,24.23,Laural Gapper
557742489-5,Clint Eastwood: Out of the Shadows,Documentary,1992,81,29.65,Carmita Garner
307186212-1,Takeshis',Comedy|Drama,1992,75,13.09,Nance Swift
736699173-2,Visitor Q (Bizita Q),Comedy|Drama|Horror,1990,84,1.78,Roobbie Wareing
406943388-0,Rude Boy,Documentary|Drama,2003,39,22.59,Sacha Ettery
350000401-6,Revolutionary Girl Utena: Adolescence of Utena (a.k.a. Revolutionary Girl Utena the Movie) (Shoujo kakumei Utena: Adolescence mokushiroku),Action|Adventure|Animation|Comedy|Drama|Fantasy|Romance,1992,17,18.76,Taryn Petrowsky
113341297-1,Two for the Money,Drama,1997,21,23.47,Keslie Baudouin
463176312-4,"Adventures of Baron Munchausen, The",Adventure|Comedy|Fantasy,2004,31,13.44,Leandra Schorah
140590792-4,Russian Doll,Comedy|Romance,2000,37,17.15,Eugenie Stone
230860824-2,Torrente 5: Operación Eurovegas,Action|Comedy,2006,19,3.87,Alli Noddles
110331691-5,"Unforgettable Summer, An (Un été inoubliable)",Drama,2004,84,1.59,Lonni Coldicott
723324834-6,Preaching to the Perverted,Comedy|Drama,1993,80,18.44,Jedediah Yurchenko
401956449-3,Zatoichi,Action|Drama,1989,39,17.18,Fidela Cockshott
133686501-6,"Philadelphia Story, The",Comedy|Drama|Romance,2012,55,23.34,Merna Herrema
328680733-8,"Brief Vacation, A (breve vacanza, Una)",Drama|Romance,1998,47,12.51,Glen Willcocks
864227639-8,Wild Horses (Caballos salvajes),Drama,1990,15,25.47,Veronique Ivannikov
793017899-4,Street Fighter: Assassin's Fist,Action|Adventure|Drama|Thriller,2000,2,3.02,Vernor Fraanchyonok
183928739-X,More Than Honey,Documentary,1999,78,2.31,Gabriele Lundberg
727546259-1,Xuxa in Crystal Moon,Children|Comedy|Romance,1993,19,13.28,Dorree Ruf
233327904-4,"Nights of Cabiria (Notti di Cabiria, Le)",Drama,2003,3,3.39,Isabella Molden
725716262-X,Tokio Baby,Drama,2010,22,20.77,Batholomew Leopard
177313025-0,Poolhall Junkies,Comedy|Drama|Thriller,2005,7,21.55,Worth Creamer
680500674-0,Ronal the Barbarian,Adventure|Animation|Fantasy,2005,73,9.51,Paddy Galpen
432145729-7,Steal a Pencil for Me,Documentary|Romance,2008,80,29.8,Klement Estable
493773822-4,"Boys & Girl from County Clare, The (a.k.a. The Boys from County Clare)",Comedy|Musical|Romance,2008,66,23.36,Lazaro Amoore
450720370-8,Dark Island,Action|Sci-Fi|Thriller,2008,60,6.79,Marla Klemencic
427477322-1,Dead Ahead: The Exxon Valdez Disaster,Drama,1966,21,4.83,Jolene Jostan
678126610-1,In a Dark Place,Horror|Mystery|Thriller,2011,29,5.47,Tim Kenryd
017018666-0,Divergent,Adventure|Romance|Sci-Fi|IMAX,2008,100,4.54,Dani Petters
491013183-3,Flesh and Bone,Drama|Mystery|Romance,1998,56,4.51,Garald Di Giacomettino
887522313-0,Miss Sweden (Fröken Sverige),Drama,2004,14,3.03,Hubert Seal
462060951-X,"Reader, The",Drama|Romance,1990,83,11.81,Cody Whebell
790278398-6,Devil's Pond,Drama|Thriller,1990,70,6.66,Parker Croyser
766015751-5,Crazy on the Outside,Comedy|Crime,2008,76,10.61,Artur Gourlie
871085672-2,"Owl and the Pussycat, The",Comedy,2003,28,13.37,Bartie O'Lyhane
016722523-5,Beethoven's Treasure Tail,Action|Adventure|Children,2004,29,6.19,Ethelin Grundwater
983944299-6,Macao,Adventure,1998,84,20.48,Tome Yakov
498004170-1,Full Body Massage,Drama,2003,97,16.99,Gayel Beldan
405808422-7,"Look of Silence, The",Documentary,2000,35,9.5,Etan Carnock
376619638-3,Woman in the Meadow (Nainen kedolla),Drama|Romance|Thriller,2004,20,4.98,Symon Lawrance
503132410-4,"Late Great Planet Earth, The",Documentary|Drama,2006,29,4.73,Boycie Jolliff
071773440-4,Kissing a Fool,Comedy|Romance,1992,45,12.91,Lauren Wohler
008559074-6,Steam,Comedy|Drama|Romance,1985,48,18.03,Delia Floyed
152365329-9,Bad Ronald,Drama|Horror|Thriller,2011,25,14.31,Louella Mattussevich
464771213-3,Little Sister,Comedy,1993,84,18.83,Batsheva Slixby
417800926-5,Star Trek: Of Gods and Men,Action|Adventure|Sci-Fi,2010,1,4.73,Meridel Bovis
369944407-4,Chronicle of an Escape (Crónica de una fuga),Thriller,1995,94,23.39,Zackariah Badam
963511291-2,Siblings,Comedy,1968,58,10.51,Amalita Kirtley
683251995-8,4,Drama,1997,34,23.07,Cherri Shoutt
426405809-0,Frownland,Comedy|Drama,2007,86,27.15,Aveline Curry
293906632-9,Mysterious Object at Noon (Dokfa nai meuman),Drama|Mystery,2004,39,24.99,Port Varah
373102165-X,Love and a .45,Action|Comedy|Crime,2012,46,8.58,Glennis Pitney
249259100-X,"Notebook, The (A nagy füzet)",Drama|War,2001,84,5.05,Celinda Gaunson
293882173-5,"Crystal Ball, The",Comedy,2005,19,13.14,Guss Gook
250030509-0,"Painted Veil, The",Drama|Romance,2005,14,7.35,Ingaberg Beldan
221867153-0,"Tale of Winter, A (a.k.a. A Winter's Tale) (Conte d'hiver)",Drama,2011,37,11.37,Buck Rosgen
280219931-5,XX/XY,Drama|Romance,2013,70,13.65,Agretha Whipple
161103685-2,Payback,Action|Thriller,1994,8,10.17,Gwyn Wyd
922166484-8,New York in the 50's,Documentary,1993,78,23.89,Giacobo Vane
820477898-8,Chill Out! (Descongélate!),Comedy|Drama,1990,30,29.88,Corliss Crocket
971447555-4,Repentance (Monanieba),Drama,1994,4,6.79,Anderson Trett
705050011-9,"Family Thing, A",Comedy|Drama,1985,56,17.74,Huntlee Stapele
054085575-8,Forbidden Games (Jeux interdits),Drama|War,1987,4,18.76,Isiahi Sign
945078852-9,The Opposite Sex,Comedy|Drama|Romance,2005,36,5.59,Waring Skelhorne
373013361-6,Sandor slash Ida,Drama|Romance,2001,10,15.42,Artemus Gerretsen
697594187-4,Wuthering Heights,Drama,2011,94,15.51,Allayne Dowsett
472197765-4,Day of Wrath (Vredens dag),Drama,1998,39,17.83,Meg Dicks
733713942-X,Make Your Move,Musical,1988,50,8.34,Addison Bucksey
673272246-8,"Lost Honor of Katharina Blum, The (Verlorene Ehre der Katharina Blum oder: Wie Gewalt entstehen und wohin sie führen kann, Die)",Drama,2008,46,29.35,Kathy Hearnden
067598866-7,Hoodwinked!,Animation|Children|Comedy,2008,1,26.47,Werner Glisenan
066374630-2,"Day the Universe Changed, The",Documentary,2001,20,26.32,Sabine Cavilla
480754836-0,Northern Soul,Drama,1998,20,19.43,Roddy Dorre
651676052-7,Shadow Conspiracy,Thriller,2005,93,8.65,Tildi Chandlar
644082260-8,Butterfly Girl,Documentary,1999,37,23.61,Pauli Gaitskell
197409254-2,Zatoichi's Vengeance (Zatôichi no uta ga kikoeru) (Zatôichi 13),Action|Drama,2011,35,29.19,Domingo McCrillis
087060434-1,Tales from the Crypt Presents: Bordello of Blood,Comedy|Horror,1984,3,14.65,Valry Cashford
519563562-5,Henry: Portrait of a Serial Killer,Crime|Horror|Thriller,1988,41,5.21,Vaughan Feldbau
860981888-8,Piggy,Thriller,1988,78,27.57,Karlene Bredes
185919779-5,Eye for an Eye,(no genres listed),2003,45,25.02,Parnell Ferentz
126573359-7,"Blue Bird, The",Children|Fantasy,1994,9,10.1,Geoff Featherstonhalgh
760580485-7,Caltiki the Undying Monster,Adventure|Horror|Sci-Fi|Thriller,1992,3,21.94,Sebastiano Gawthrop
077512022-7,Origin: Spirits of the Past (Gin-iro no kami no Agito),Animation|Drama|Romance|Sci-Fi,2010,96,7.83,Desmund Mattke
627091933-9,Calling Dr. Death,Mystery,1985,74,12.47,Norrie Malby
951624212-X,Sweet Nothing,Drama,1994,90,21.91,Chelsie Melburg
513033240-7,Africa: Texas Style,Adventure|Western,2004,45,27.28,Gwendolin Bohling
863197735-7,"Dispatch from Reuter's, A",Drama,2011,25,17.98,Carley Luna
808447623-8,Hansel & Gretel: Witch Hunters,Action|Fantasy|Horror|IMAX,2011,83,11.77,Sibel Divell
022378144-4,Black Eagle,Action|Drama,2010,25,1.43,Janis McAndrew
030949934-8,Fabled,Drama|Mystery|Thriller,1997,76,7.6,Kane Posselow
559333389-0,Monster,Crime|Drama,1996,59,5.67,Patrizia Mallam
802540641-5,"Sword in the Stone, The",Animation|Children|Fantasy|Musical,2004,3,24.29,Giorgia Strewthers
512935004-9,The Guardians,Action|Thriller,2001,40,13.57,Juieta Peggram
682768544-6,Every Girl Should Be Married,Comedy|Romance,2003,19,24.98,Anetta Kristoffersson
489781552-5,"Four Feathers, The",Adventure|War,2003,84,26.41,Oran Mouse
193879922-4,Jerichow,Drama,1989,77,19.86,Buck Roth
073591524-5,"Dog, The",Documentary,1988,38,1.92,Joni Spurden
979239166-5,Werner - Gekotzt wird später,Animation|Comedy,1995,49,8.19,Arte Woosnam
547714562-5,Perfectly Normal,Comedy,2007,26,15.07,Lyndell Rhelton
174287510-6,He Loves Me... He Loves Me Not (À la folie... pas du tout),Romance|Thriller,1993,10,2.79,Garwood Fattore
650198122-0,Redemption: For Robbing the Dead,Western,1968,8,12.73,Kenyon O'Garmen
715252192-1,Sunnyside,Comedy,1999,83,8.34,Alfonso Melpuss
412556801-4,Sword of the Stranger (Sutorejia: Mukô hadan),Action|Adventure|Animation,1999,28,5.81,Kipper Loynes
198713238-6,Port of Call (Hamnstad),Drama,1991,39,25.02,Dredi Gimblett
005585512-1,Madhouse,Horror|Thriller,1992,4,29.95,Samuele Goforth
480320156-0,Hillbillys in a Haunted House,Comedy,1991,100,12.35,Wyatt Sheber
773264534-0,"Last Boy Scout, The",Action|Comedy|Crime|Drama|Thriller,2011,54,10.84,Sollie Dennes
301168558-4,Dead Rising: Watchtower,Action|Horror|Thriller,1996,12,20.54,Freda Jedrzej
543347483-6,Chaos,Crime|Drama|Horror,2001,16,20.46,Chloris Chessun
095476441-2,Hotel Pacific (Zaklete rewiry),Drama,2009,47,1.3,Jarrod Charters
151658241-1,Border Incident,Crime|Drama|Film-Noir,2003,90,16.39,Almeria Boldry
696831824-5,Lisztomania,Comedy|Fantasy|Musical,2004,50,10.47,Lynnell Lodeke
219358574-1,"Eagle Has Two Heads, The (L'aigle à deux têtes)",Drama,1994,51,2.46,Gretna Sharman
627151922-9,Bloodbath at the House of Death,Comedy|Horror,2007,44,3.29,Mirabella Trevithick
632407326-2,Voices from the List,Documentary,1998,74,20.82,Skelly Seleway
992009403-X,The Testimony,(no genres listed),1994,100,2.47,Crin Caris
331877414-6,Steel,Action|Adventure|Crime|Drama,2006,6,17.42,Liliane Gutcher
884082697-1,Prometheus,Action|Horror|Sci-Fi|IMAX,2008,59,9.64,Myrna Cardoo
783243664-6,"House That Dripped Blood, The",Horror|Mystery,2011,13,26.87,Alfonso MacLaughlin
891564363-1,Godzilla,Action|Sci-Fi|Thriller,1992,63,11.89,Ashlee Girard
504827315-X,Virtuality,Drama|Sci-Fi|Thriller,1961,77,9.41,Pace Van Velden
683506190-1,Carefree,Comedy|Musical|Romance,2011,52,20.99,Carmelia Dickie
512228399-0,Fred: The Movie,Comedy,2010,67,9.63,Elly Yeowell
247056179-5,"Manchurian Candidate, The",Thriller,2007,92,12.01,Gabriella Cluet
707125856-2,Born American,Action|Drama|Thriller,2004,85,6.31,Alexio Pendered
996685706-0,"Back to the Garden, Flower Power Comes Full Circle",Documentary,1997,66,4.53,Aubert Brouncker
338437063-5,Castle Freak,Horror,2004,1,16.1,Mirabella Mechi
491512596-3,Midnight Crossing,Mystery|Thriller,2009,82,20.45,Davida Cooley
538376224-8,"Dark Half, The",Horror|Mystery,1985,94,8.51,Barth Handslip
628759050-5,Sleepy Hollow,Fantasy|Horror|Mystery|Romance,1998,18,26.13,Alyssa Buffham
399429354-5,Tom & Thomas,Adventure|Children,2012,19,1.78,Christye Haw
808713765-5,Highwaymen,Action|Crime|Thriller,1995,34,5.53,Chaim Templeton
726657631-8,Mr. Average,Comedy|Romance,2007,49,20.37,Conny Scamp
772547686-5,Heartbreak Hotel,Comedy,1989,96,10.66,Dickie Rosenblatt
108567256-5,1991: The Year Punk Broke,Documentary,1988,93,8.16,Farrah Kiloh
834534936-6,Deep Water,Documentary,2011,76,20.61,Debra FitzAlan
005979676-6,10 000 timmar,Comedy,1992,7,2.63,Tallia Cooney
313253644-X,Breath (Soom),Drama,1992,53,3.75,Gunner Brundill
308877200-7,Am Ende eiens viel zu kurzen Tages (Death of a superhero),Animation|Drama,2000,21,29.91,Haywood Hadwen
914782037-3,Confessor Caressor,(no genres listed),1987,6,23.43,Burty Turford
026900126-3,"Scientist, The",Drama,2001,63,25.0,Zondra McCroary
709315430-1,Condition Red (Beyond the Law),Action|Drama|Thriller,2012,70,10.56,Myrle Dyos
217751187-9,Thunderball,Action|Adventure|Thriller,2005,62,16.06,Arlina Pikesley
330035815-9,Heart and Souls,Comedy|Fantasy,2012,57,14.34,Coop Longrigg
655789653-9,Virtuosity,Action|Sci-Fi|Thriller,2009,82,24.78,Chrissie Vuitte
575806726-1,We Are from the Future (My iz budushchego),Action|Drama|Fantasy,2011,67,8.38,Yoshiko Fantonetti
954468520-0,Fallout,Action|Sci-Fi,1993,81,5.21,Elene Fendt
540113216-6,Chain Lightning,Action|Drama,2010,6,14.97,Ange Stidston
702704166-9,Kidnapping Mr. Heineken,Action|Crime|Drama|Thriller,1997,50,5.17,Berke Luto
552651455-2,Dear White People,Comedy|Drama,2000,80,1.27,Vasily Taill
287034869-X,Matthew's Days,Drama,1991,53,24.24,Biron Jellico
648534828-X,Merry Madagascar,Animation,2003,51,22.13,Marcel Meeny
281855869-7,Mister Buddwing,Drama,1998,54,13.61,Moina Stanton
869447697-5,That Evening Sun,Drama,1963,35,6.41,Christoph Molden
308871595-X,Midnight Cowboy,Drama,1965,93,5.45,Edvard Stoltz
205386557-1,Voices of Iraq,Documentary,2008,87,3.64,Silvain Vasse
722049853-5,Breathing Room,Horror|Mystery|Thriller,2005,36,22.07,Leah Crawcour
458058227-6,"What's in a Name (Prénom, Le)",Comedy,1997,24,3.15,Tarrah Westcarr
866610361-2,Born to Defense (Zhong hua ying xiong),Action|War,1988,77,9.91,Baudoin Sollime
416772160-0,"Snake Pit, The",Drama,2009,74,5.48,Shelby Leethem
327867053-1,Milk,Drama,2006,24,12.65,Melody Scud
396094836-0,Sune på bilsemester,Children|Comedy,2005,87,10.11,Karyl Impson
413034303-3,Wonderland,Drama,1996,80,2.93,Misha Slyme
978828783-2,Fool for Love,Drama,1999,99,16.79,Elwood Cowlam
742089570-8,Record of a Tenement Gentleman (Nagaya shinshiroku),Drama,1992,92,20.22,Freeman Hammell
696405532-0,Dragon Ball: Sleeping Princess in Devil's Castle (Doragon bôru: Majinjô no nemuri hime),Action|Adventure|Animation|Children,2002,92,7.23,Trevar Audsley
173707602-0,"Time Traveler's Wife, The",Drama|Romance|Sci-Fi,2010,57,27.27,Rafaellle Veryan
131340061-0,"Greystoke: The Legend of Tarzan, Lord of the Apes",Adventure|Drama|Romance,2006,15,3.46,Flor Hawthorn
116783876-9,"Horseman, The",Crime|Thriller,2011,99,10.29,Analiese Pawle
501329055-4,"Acacias, Las",Drama,2008,15,8.73,Sada Lamcken
436947875-8,Call Northside 777,Crime|Drama|Film-Noir,1994,89,5.68,Corrinne Bidnall
018187554-3,"Danse: The Paris Opera Ballet, La (La Danse - Le ballet de l'Opéra de Paris)",Documentary,2006,46,10.12,Karyn Fardoe
262308443-2,Friends & Lovers,Comedy|Drama|Romance,2007,90,24.81,Donaugh Penbarthy
577730778-7,Snow Dogs,Adventure|Children|Comedy,1994,26,13.43,Roseann MacFadzan
315476309-0,Stardust Memories,Comedy|Drama,2002,79,27.87,Charmian Smithen
055535282-X,Takva: A Man's Fear of God,Drama,1988,87,9.03,Agustin Sorrel
047443972-0,"Big Time Operators (Smallest Show on Earth, The)",Comedy,2009,68,24.58,Ermentrude Plumbley
610739615-2,Red Ensign,(no genres listed),2005,67,14.63,Lorene Pantry
510875700-X,33 Scenes from Life (33 sceny z zycia),Drama,2001,79,3.85,Melloney Philpott
575787415-5,You Are So Beautiful (Je vous trouve très beau),Comedy|Romance,2012,31,25.26,Dieter Spong
092633173-6,"Crossing Guard, The",Action|Crime|Drama|Thriller,2007,96,26.78,Dawn Brisley
736100921-2,Harmony and Me,Comedy,1983,3,28.27,Vinny Raraty
987306640-3,"Crowd Roars, The",Action|Drama,1997,11,18.03,Catrina Claige
849514109-4,Hard to Kill,Action|Crime|Drama,1995,58,28.59,Woodie Durnan
813307988-8,WarGames,Drama|Sci-Fi|Thriller,2005,6,16.48,Denni Brawson
060268795-0,Africa addio,Documentary,1968,70,26.92,Thomasina Ponsford
222821694-1,Johns,Drama,2008,44,3.62,Durward Huntingdon
380440463-4,Three Times (Zui hao de shi guang),Drama|Romance,1997,41,2.63,Millisent Weare
619819473-6,Fright Night,Comedy|Horror,2012,87,3.48,Desmond Aspall
632782806-X,Citizenfour,Documentary,1993,26,2.88,Burty Gillean
664898816-9,Soft Fruit,Comedy|Drama,1985,29,7.17,Faina Iacovides
400296306-3,"Golden Age, The (Âge d'Or, L')",Comedy|Drama|Romance,2003,18,17.94,Griffin Staples
867114551-4,"Good Humor Man, The",Drama|Romance,2002,22,4.73,Read Mousby
181170793-9,Stranded: I've Come from a Plane That Crashed on the Mountains,Documentary,2012,32,9.6,Arny Naden
221618087-4,Thoroughbreds Don't Cry,Comedy|Drama,2009,57,11.72,Peyter Hadingham
356894593-2,Equinox,Drama|Mystery|Thriller,2008,73,28.09,Ashlan Hannah
975371814-4,Gulliver's Travels,Adventure|Comedy|Fantasy,2002,6,17.87,Ketty Ewles
449466836-2,Newlyweds,Drama,1994,45,28.87,Tallulah Jedrzejewicz
824178744-8,I Was a Male War Bride,Comedy|Romance,1995,65,2.81,Emili Askew
256871285-6,Altiplano,Drama,2003,31,24.56,Tamar Huebner
324518671-1,When Night Is Falling,Drama|Romance,2008,38,20.97,Obie Neissen
386611319-6,"Good Heart, The",Drama,2001,1,24.42,Granville Rogan
760408433-8,Winning Streak,Drama,2001,100,12.14,Carlee Castelyn
281634152-6,"Girl in the Park, The",Drama,1996,23,6.9,Gillan Boldt
247791226-7,Suture,Film-Noir|Thriller,2012,47,28.15,Elinore Dimmer
220231113-0,Exodus: Gods and Kings,Action|Adventure|Drama,1986,97,2.19,Olvan Moyse
546967056-2,Capricious Summer (Rozmarné léto),Comedy,1996,97,27.98,Onofredo Slack
672842266-8,Dark Dungeons,Drama|Fantasy,2007,71,8.15,Sven Tunniclisse
795714188-9,Sky Fighters (Les Chevaliers Du Ciel),Action|Adventure,2008,72,3.22,Christyna Itzkovsky
644474101-7,"Bruno (Dress Code, The)",Comedy|Drama,1985,1,7.79,Amara Seabert
749290537-8,Cherrybomb,Drama|Thriller,2001,28,2.9,Margaux Eva
261158140-1,"Crew, The",Comedy,2000,41,4.95,Jean Martinon
134170212-X,Ninja Cheerleaders,Action|Comedy,2007,5,25.84,Ricky Szymczyk
864583630-0,Pokémon Origins,Adventure|Animation,2002,84,19.05,Edith Christofor
527092176-6,Honky Tonk Freeway,Comedy,2009,83,1.88,Belva Bidwell
029477967-1,K2,Adventure|Drama,2005,77,15.17,Pamella Kittles
656440647-9,Please Vote for Me,Documentary,2012,98,6.56,Jervis McGall
651101434-7,Hello Down There,Comedy|Sci-Fi,1999,84,26.98,Marcos Southers
582291067-X,"Romantics, The",Comedy|Drama|Romance,1997,87,24.73,Bessy Romanin
845348722-7,Repentance (Monanieba),Drama,1993,17,6.9,Nick Sweedland
375144570-6,Crossing the Bridge,Comedy|Drama,2006,68,2.66,Nike Lindsey
211301020-8,Dying of Laughter (Muertos de Risa),Comedy,2009,35,23.83,Lola Orrom
859092622-2,Away from Her,Drama,2008,56,25.3,Mason Happs
580023360-8,Cousin cousine,Comedy|Romance,1999,61,21.14,Nerissa McDuffy
389862544-3,The Adventures of André and Wally B.,Animation,2000,12,7.94,Quent Mirando
926037117-1,Sicko,Documentary|Drama,1993,24,26.48,Ronnie Toal
329655013-5,Zuzu Angel,Drama,2007,93,13.26,Franklin Blaylock
455083970-8,Strange Invaders,Drama|Romance|Sci-Fi,2004,89,25.09,Chancey Kilmurray
176679525-0,"Children of Glory (Szabadság, szerelem)",Drama|Romance|War,1992,70,23.19,Dina Caddell
863502248-3,"Long Ships, The",Adventure,2004,40,19.8,Opaline Ishak
144736974-2,Tremors,Comedy|Horror|Sci-Fi,1988,45,18.39,Arne Island
815063798-2,55 Days at Peking,Drama|War,2012,72,20.35,Ciel Le Lievre
848707679-3,"Colors of the Mountain, The (Los colores de la montaña)",Drama,2002,99,5.16,Frannie Dallyn
902102883-2,Rhino Season (Fasle kargadan) ,Drama|Fantasy|Film-Noir|Mystery|Romance|War,2005,7,26.69,Karia Whyke
709740252-0,Holy Rollers,Crime|Drama,2002,81,16.61,Shannan Lavrick
140144583-7,Crawlspace,Horror|Mystery|Sci-Fi|Thriller,2009,60,25.4,Carilyn Delort
201618283-0,Charlie: The Life and Art of Charles Chaplin,Documentary,2003,15,20.21,Katerina Surgison
079893589-8,"Tree of Wooden Clogs, The (L'albero degli zoccoli)",Drama,2008,73,3.04,Valeda Rothschild
089625080-6,"Unbearable Lightness of Being, The",Drama,1999,77,23.05,Abbot Broseman
537133073-9,Shanghai,Crime|Thriller,2006,51,20.72,Stormi Ebbers
125564440-0,Blackout (Murder by Proxy),Crime|Drama|Thriller,2013,79,24.11,Eloise Thomason
979279791-2,Mao's Last Dancer,Drama,2011,35,3.3,Eddie Rudram
789446577-1,Cinderella,Adventure|Children|Drama|Sci-Fi,1996,17,24.2,Jamie Buscombe
545155989-9,Price Check,Comedy|Drama,2002,70,14.8,Jeromy Timmins
145139149-8,Hollywood Ending,Comedy|Drama,2011,17,6.44,Keeley Giacomazzo
840780467-3,Miss Annie Rooney,Drama,2003,37,5.02,Celene Dummer
456541878-9,Night Crossing,Drama,2006,95,14.8,Silvain Carman
418750568-7,3 Bad Men,Western,2008,96,9.84,Jonathon Caplis
142553513-5,Diên Biên Phú,Drama|War,2006,50,3.76,Cornall Decort
706522206-3,Alone with Her,Crime|Drama|Thriller,2001,71,8.71,Simon Becom
079528758-5,East Side Story,Documentary|Musical,2008,8,21.82,June Ralestone
689156335-6,"Bulli: Cooking in Progress, El",Documentary,1990,23,7.15,Bradney covino
615071122-6,Transmorphers,Action|Adventure|Sci-Fi,2000,22,6.29,Melloney Maine
837751719-1,"Weather Man, The",Comedy|Drama,1998,75,5.72,Gerri Gley
335609109-3,Crazy Thunder Road,Action|Sci-Fi,1988,62,17.67,Hermann Sloat
413891200-2,Proof,Comedy|Drama|Romance,1991,41,27.22,Karlens Espada
493133832-1,And Your Mother Too (Y tu mamá también),Drama|Romance,2003,74,9.48,Salaidh McCreagh
114848517-1,On Earth as It Is in Heaven (Así en el cielo como en la tierra),Comedy,1985,5,26.46,Maurizia Sloey
833312114-4,Child of Rage,Drama|Mystery,1997,65,23.92,Franklyn Izatt
753335815-5,Dragon Ball Z the Movie: The Tree of Might (Doragon bôru Z 3: Chikyû marugoto chô kessen),Action|Adventure|Animation|Sci-Fi,1998,59,23.98,Donica Orrow
218528188-7,Crystal Fairy & the Magical Cactus and 2012,Adventure|Comedy,2012,83,2.59,Fina Frood
873254227-5,"Marsh, The",Horror|Thriller,2007,77,20.28,Jackqueline Erskin
014192776-3,Fifty/Fifty,Action|Comedy|Thriller,1990,91,24.85,Vail Martindale
916543994-5,Off and Running ,Documentary,1965,50,15.57,Lana Tidy
806398636-9,"Strange Case of Dr. Jekyll and Miss Osbourne, The (Dr. Jekyll and His Women) (Docteur Jekyll et les femmes)",Horror,1990,36,27.29,Terrie Fullilove
629799088-3,Immaculate Conception of Little Dizzle,Comedy,1987,74,18.6,Mahalia Minnock
130333174-8,Let's Make Love,Comedy|Musical|Romance,2006,2,9.78,Pippo Thunderchief
604851268-6,Fear Island,Horror|Mystery|Thriller,1993,80,4.66,Farah Corkish
383416093-8,"Wedding Song, The ",Drama|War,2007,95,22.04,Ruth Krug
772419300-2,Megan Is Missing,Crime|Drama,1999,13,24.03,Wolf Mart
411899289-2,Giorgino,Adventure|Drama|Horror,1984,75,16.38,Shellie Soldan
359896695-4,Early Spring (Soshun),Drama,2000,70,7.55,Sheppard Edie
787701268-3,"So Evil, So Young",Drama,1992,7,9.61,Randolph Menichillo
060508510-2,Brothers of the Head,Drama,2006,31,11.96,Gerianna Mushet
527254553-2,Hounddog,Drama,2005,62,29.71,Hamlin Habben
310514623-7,Time to Die (Tiempo de morir),Drama|Western,2003,3,3.28,Ursulina Bowhey
662928994-3,Outrage (Autoreiji),Crime|Drama,2011,64,26.39,Eduard Hawkin
469235297-3,Stalin,Drama,1999,8,28.68,Kalvin Mowday
160827940-5,"Abominable Snowman, The (Abominable Snowman of the Himalayas, The)",Horror|Sci-Fi,2010,77,4.83,Andreas Lindgren
946595767-4,"Great Magician, The (Daai mo seut si)",Comedy|Drama|Romance,2009,79,18.86,Gigi Boord
449379855-6,Godzilla: Final Wars (Gojira: Fainaru uôzu),Action|Adventure|Fantasy|Sci-Fi,2013,11,5.11,Web Trowell
452468367-4,Forever Strong,Drama,2001,55,5.08,Jaquith Izchaki
702866207-1,Plastic Paradise: The Great Pacific Garbage Patch,Documentary,2009,4,15.7,Ede Shasnan
962800940-0,Come Undone (Cosa voglio di più),Drama,2003,15,15.61,Toinette Wykey
327519898-X,Target,Action|Drama|Thriller,2001,94,5.74,Dionne Barszczewski
983366435-0,Toto le héros,Drama,2010,58,27.38,Elicia Fonzone
059562888-5,Walk Hard: The Dewey Cox Story,Comedy|Musical,1994,18,9.97,Thaddus Husher
147955953-9,Wrestling for Jesus: The Tale of T-Money,Documentary,2005,59,5.5,Aura Lipmann
111016414-9,To Mars by A-Bomb: The Secret History of Project Orion,Documentary,2005,54,18.8,Vida Ivanisov
290123514-X,Female Demon Ohyaku (Yôen dokufuden hannya no ohyaku),Action,1986,20,24.77,Gan Rush
349179430-7,Forced to Kill,Action,2004,12,20.75,Sela Jaquest
826640333-3,"Good Morning, Miss Dove",Drama,2009,42,13.71,Batsheva Sherbrook
279641243-1,"Traveler, The",Horror|Thriller,1995,20,21.99,Melvyn Pridgeon
027258681-1,"My Mother's Castle (Château de ma mère, Le)",Comedy|Drama,2009,97,28.2,Joshia Gontier
555260001-0,"Perils of Gwendoline in the Land of the Yik Yak, The",Adventure|Romance,1988,85,7.14,Nicholas Rowter
201282724-1,God's Comedy (A Comédia de Deus),Comedy|Drama,1986,10,4.68,Valaree Dizlie
055553381-6,Places in the Heart,Drama,2005,65,21.12,Fifine Oganian
142395923-X,"Principal, The",Action|Crime|Drama,1992,71,18.86,Portia Gerant
071403161-5,Goldfinger,Action|Adventure|Thriller,1993,67,10.09,Cara Goodby
593044699-7,Zatoichi's Flashing Sword (Zatôichi abare tako) (Zatôichi 7),Action|Drama,1985,51,1.8,Lorant Stokell
790375809-8,Cry of the City,Crime|Drama,1998,98,24.57,Shaun Matton
873140121-X,Protocols of Zion,Documentary,2011,56,11.22,Fiona Keeler
526116053-7,"Beast at Bay, A",Drama,2008,47,15.47,Yvonne Hayto
752603455-2,"Hoax, The",Crime|Drama,2010,82,3.41,Agatha Tipens
490838388-X,Sarraounia,Drama|War,1999,68,22.29,Haley Ketchaside
927908147-0,Lupin III: The Castle Of Cagliostro (Rupan sansei: Kariosutoro no shiro),Action|Adventure|Animation|Comedy|Crime|Mystery,1981,79,13.48,Yalonda Stapylton
235610449-6,Personal Best,Drama,2011,42,11.67,Toinette Quainton
080745518-0,Schooled: The Price of College Sports ,Documentary,1998,49,12.23,Scot Merington
399210756-6,"Mother's Courage: Talking Back to Autism, A",Documentary,2003,40,27.79,Saunderson Jerrams
886277497-4,De la servitude moderne,Documentary,1991,57,3.34,Maddalena Henmarsh
192329379-6,Angels Fall,Drama|Romance|Thriller,2009,41,14.22,Flss De Ath
908390220-X,Tucker & Dale vs Evil,Comedy|Horror,2012,25,12.6,Emiline Hooks
291902925-8,Police Academy 5: Assignment: Miami Beach,Comedy|Crime,2011,88,27.53,Ewell McElroy
829198007-1,Torso,Horror|Mystery|Thriller,2004,10,20.44,Cristiano Gehringer
482365516-8,"Arise, My Love",Comedy|Drama|Romance,1995,16,10.59,Rozalin Bedow
081050717-X,Lorna's Silence (Le silence de Lorna),Drama,1988,70,24.54,Bradly Auld
464854083-2,Attack Force Z (a.k.a. The Z Men) (Z-tzu te kung tui),War,1998,82,5.04,Anjanette Iskowicz
645228803-2,Swedish Auto,Drama|Romance,1995,88,26.79,Angelika Barbey
562834089-8,Career Girls,Drama,1997,50,2.08,Riccardo Lindenman
307830732-8,Tyler Perry's Temptation: Confessions of a Marriage Counselor,Drama,1995,80,11.01,Theo Jacobssen
415184155-5,"Help, The",Drama,1994,17,16.18,Jaquelin Braiden
524909273-X,Brother (Hermano),Drama,2003,97,25.21,Grange Stoggles
136514538-7,Asterix & Obelix: God Save Britannia (Astérix et Obélix: Au service de Sa Majesté),Adventure|Comedy,1996,92,4.12,Lacie Spowage
673229746-5,Tol'able David,Drama,2002,20,17.21,Haskell Jubb
639030767-5,"Servant, The",Drama,1997,50,15.52,Olenka Crowcher
911322066-7,Camera Obscura,Crime|Drama|Thriller,2008,88,27.45,Austina Vaun
285174104-7,Thunderpants,Children|Comedy|Sci-Fi,1999,45,6.85,Garvy Burgane
325441829-8,"Go, Go Second Time Virgin (Yuke yuke nidome no shojo)",Drama,1997,55,22.06,Gussy Bartomieu
590298541-2,"Way Back, The",Drama,1988,53,29.26,Jule Astall
789418569-8,Old Gringo,Drama,2011,6,24.32,Pinchas MacKintosh
553658469-3,"Ringer, The",Comedy,1986,92,28.73,Lilla Oxtiby
842429648-6,Batman: Year One,Action|Animation|Crime,1996,10,3.76,Rock Quail
507825759-4,American Pie Presents The Naked Mile (American Pie 5: The Naked Mile),Comedy|Romance,2002,39,5.65,Garrek Swatman
049438656-8,Barcelona,Comedy|Romance,1998,74,26.6,Billy Harlowe
255545467-5,Boys Love,Drama|Romance,2004,51,15.31,Chase Hubner
003343405-0,Back Soon,Drama|Romance,2001,64,24.03,Leanna Sheekey
778888607-6,Problem Child,Children|Comedy,2006,47,14.56,Natalya Emney
621246535-5,Dance of Outlaws (Häätanssi),Documentary,2005,52,2.35,Lorrayne Donnett
260266741-2,Film ist.,Documentary,1992,7,2.9,Andrei Crease
385250008-7,Onechanbara - Zombie Bikini Squad (a.k.a. Oneechanbara: The Movie),Action|Horror,1989,18,15.66,Franny Stile
017872589-7,"Dirty Shame, A",Comedy,2013,85,19.86,Bran Gorst
452132698-6,Lust for Gold (Duhul aurului),Drama,2009,97,27.99,Ferguson Tassell
524702666-7,God's Not Dead,Drama,2005,100,4.9,Caron Renol
255685519-3,"Boat, The",Comedy,2010,57,28.96,Berky Kulver
892607505-2,"Tempest, The",Comedy|Drama|Fantasy,2006,97,12.02,Lenette Wiffield
422823598-0,Angels Sing,Comedy|Drama,2004,1,26.04,Karmen Eltringham
850990095-7,George of the Jungle,Children|Comedy,1963,90,22.79,Chickie Learoyd
740561624-0,Vares: Private Eye (Vares - Yksityisetsivä),Action|Comedy|Crime|Thriller,1997,89,9.5,Sibbie Giannassi
847105814-6,Gods and Monsters,Drama,2012,47,20.06,Phil Hoult
002494066-6,"Man Called Gannon, A",Western,1995,57,21.61,Leena Hitschke
360331507-3,Control (Kontroll),Comedy|Crime|Drama|Mystery,2012,37,15.73,Donn Wimpenny
832166371-0,"Rugrats Movie, The",Animation|Children|Comedy,2007,56,2.51,Avivah Paz
741230744-4,Gen 13 (a.k.a. Gen13: The Animated Movie),Action|Animation|Sci-Fi,2000,34,15.75,Burl Fidgett
313316092-3,Gifted Hands: The Ben Carson Story,Drama,1996,81,10.58,Harland Harby
689729960-X,Minnie and Moskowitz,Action,1998,26,22.14,Marris Astbury
751558428-9,Planet of the Apes,Action|Drama|Sci-Fi,2012,58,25.89,Horatia Grahlmans
439414169-9,Carnosaur,Horror|Sci-Fi,2012,55,3.81,Leonie Cardwell
697604216-4,Deadline,Mystery|Thriller,1999,22,16.54,Lark Reuble
861483892-1,"Watch, The",Comedy|Sci-Fi,2006,50,7.5,Rolland Cisec
393553158-3,"Personal Journey with Martin Scorsese Through American Movies, A",Documentary,2004,60,10.14,Marris Corbett
884902901-2,Hansel & Gretel,Drama|Fantasy|Horror|Mystery|Thriller,1995,21,2.15,Brnaba Gobolos
359837785-1,Time Code,Comedy|Drama,2007,18,8.6,Madelina Dummer
094614827-9,"Summer's Tale, A (Conte d'été)",Comedy|Drama|Romance,1987,88,27.89,Dorthea Twelftree
724026041-0,2 + 2 (Dos más dos),Comedy,1992,18,20.52,Cello Harry
309318924-1,Bonnie and Clyde,Crime|Documentary|Drama,2006,27,20.67,Rennie Howle
435244455-3,"Prime of Miss Jean Brodie, The",Drama,2012,35,24.94,Terese Issacoff
970321964-0,Africa Screams,Adventure|Comedy,1988,22,1.77,Federica Zylbermann
957032975-0,Man on the Flying Trapeze,Comedy,2010,62,1.46,Alyssa Landsbury
352367883-8,Papillon,Crime|Drama,1994,42,25.35,Antonio Beeres
371264215-6,The Killing Jar,Drama|Thriller,2009,50,19.78,Harmony Stredwick
444718745-0,Black Cadillac,Horror|Thriller,2007,33,11.84,Gertrud Gallafant
847868478-6,Down by Law,Comedy|Drama|Film-Noir,1998,24,5.23,Karlan Olyunin
616607007-1,In Two Minds,(no genres listed),1983,42,12.49,Terry Goldster
340968082-9,Jeepers Creepers 2,Horror|Thriller,1993,59,17.98,Scot Healeas
606295794-0,Going Straight,Crime|Drama,1996,98,25.66,Gonzales Bonus
760100729-4,Fulltime Killer (Chuen jik sat sau),Action|Thriller,1991,49,14.11,Steffen Adaway
821020755-5,Eva,Drama|Fantasy|Sci-Fi,2004,23,6.76,Bliss Garm
338628978-9,"Architecture of Doom, The (Undergångens arkitektur)",Documentary|War,1994,57,25.43,Tomlin Abdy
353299010-5,"Story of Maths, The",Documentary,2011,55,29.43,Gui Ivanets
092338010-8,"Life and Death of Colonel Blimp, The",Drama|Romance|War,2010,13,11.05,Reggie Spelsbury
726949333-2,Toy Story That Time Forgot,Animation|Children,1981,83,11.63,Doro Hlavac
148762016-0,Death on the Staircase (Soupçons),Crime|Documentary,2009,85,13.67,Lutero Sextone
593354506-6,Climate of Change,Documentary,1999,92,16.53,Brandy Blackshaw
114814753-5,Gentlemen,Drama|Romance|Thriller,2002,26,1.3,Roanne Kordt
037879919-3,Rio 2,Adventure|Animation|Children|Comedy,2006,11,6.95,Darbee Roos
538070044-6,"Gladiators, The (Gladiatorerna)",Drama|Sci-Fi,1996,49,5.96,Mic Spoward
416847958-7,Summertime,Comedy,1994,39,16.46,Sapphire Norrey
603173933-X,Encounter in the Third Dimension,IMAX,2004,24,9.25,Meredithe Bellchamber
352511805-8,Simon,Comedy|Drama,1992,48,1.61,Yoshiko Breckwell
254670050-2,Barbarian Queen II: The Empress Strikes Back,Action|Adventure|Fantasy,1995,27,17.36,Arny Le Jean
509874880-1,Russell Brand: Messiah Complex,Comedy,2010,1,16.42,Nina Fathers
137030279-7,"Blot, The",Drama,1991,96,14.2,Jobi Porte
118808892-0,Someone Marry Barry,Comedy,1970,19,1.53,Lauri Fackrell
799843743-X,"10th Victim, The (La decima vittima)",Action|Comedy|Sci-Fi|Thriller,2009,58,26.15,Ferdinand Harburtson
336448276-4,Headless Body in Topless Bar,Comedy|Drama|Thriller,1997,17,11.32,Mahmoud Enston
226058074-2,Mimino,Comedy,1989,75,29.44,Barry Peschmann
658556576-2,Psycho,Crime|Horror,2012,93,22.2,Jacky Bote
946874198-2,Firestarter,Horror|Thriller,1996,87,27.98,Garv Dranfield
124499107-4,Wild Women,Action|Western,1995,76,20.8,Chiquita Allanson
297146710-4,5th Day of Peace (Dio è con noi),Drama|War,2001,31,14.18,Graeme O'Gaven
870325597-2,How to Lose Friends & Alienate People,Comedy,1992,46,2.69,Jarvis Matusson
483811829-5,Take Me Out to the Ball Game,Comedy|Musical|Romance,2012,13,24.58,Irita Brimson
781357183-5,Night Nurse,Crime|Drama|Mystery|Thriller,2008,1,9.73,Celina Bilton
303300547-0,"Garfield Christmas Special, A",Animation|Children|Comedy|Musical,1994,90,15.79,Dusty Remnant
266193046-9,Is Anybody There?,Drama,1993,42,7.99,Ellynn Vigietti
003075625-1,Broken Wings (Knafayim Shvurot),Drama,1993,71,6.96,Rachel Mendez
113959777-9,Cinderella,Adventure|Children|Drama|Sci-Fi,2000,41,13.79,Wainwright Shallow
257202967-7,Free Radicals (Böse Zellen),Drama,2002,11,26.97,Shelli Marks
988378695-6,"Journey, The (El viaje)",Drama,2008,71,27.24,Kaspar Cassey
969712806-5,Austin Powers: The Spy Who Shagged Me,Action|Adventure|Comedy,1996,31,10.34,Marybelle Peckham
659068221-6,Sammy and Rosie Get Laid,Comedy|Drama,2008,15,12.26,Jacinthe Alder
940334890-9,"Boy and the Pirates, The",Adventure|Fantasy,1971,95,27.67,Conchita Knox
702985280-X,"Secret of Moonacre, The",Adventure|Fantasy|Romance,2009,10,23.49,Eleni Pirdy
693084859-X,Dialogues with Solzhenitsyn (Uzel),Documentary,1996,55,19.09,Chrissie Counihan
725872293-9,42 Up,Documentary,1995,27,24.0,Bobette Kerswill
230572571-X,Tortured,Crime|Thriller,2005,94,23.23,Missy Rambadt
576232801-5,"Hard Way, The",Drama,1996,4,26.68,Brooke Haster
029180212-5,Micmacs (Micmacs à tire-larigot),Comedy|Crime,1998,8,3.27,Haydon Veal
248762846-4,Sons of the Desert,Comedy,2004,47,15.94,Wyndham Ramirez
083076152-7,"Principal, The",Action|Crime|Drama,2010,37,1.76,Aviva Fuller
098126374-7,Ten Thousand Saints,Comedy|Drama,2007,88,22.73,Lance Ratazzi
